图号,钢号,C,Si,Mn,P,S,Al,Cr,Cu,N,Ni,W,V,Ti,B,Co,Mo,O,Sn,Nb,Ms/°C,Ms (K)
1,8,0.06,0,0.43,0,0,0,0,0,0,0,0,0,0,0,0,0,0,0,0,480,753.15
3,15,0.13,0.26,0.56,0,0,0,0.07,0.2,0,0,0,0,0,0,0,0,0,0,0,450,723.15
4,15,0.14,0.23,0.48,0.014,0.032,0.014,0.07,0.19,0,0.07,0,0,0,0,0,0,0,0,0,480,753.15
5,15,0.15,0.22,0.41,0.021,0.024,0.003,0.06,0.15,0.005,0.06,0,0,0,0,0,0,0,0,0,490,763.15
7,15,0.16,0.28,0.68,0.012,0.03,0.028,0.05,0.08,0,0.05,0,0,0,0,0,0,0,0,0,470,743.15
8,20,0.19,0.2,0.35,0.014,0.012,0,0.08,0.1,0,0.04,0,0,0,0,0,0,0,0,0,425,698.15
9,30,0.3,0.29,0.39,0.012,0.026,0.003,0.12,0.215,0.006,0,0,0,0,0,0,0,0,0,0,420,693.15
11,35,0.35,0,0.37,0,0,0,0,0,0,0,0,0,0,0,0,0,0,0,0,350,623.15
12,35,0.36,0.27,0.64,0.03,0.022,0.005,0,0.12,0.012,0,0,0,0,0,0,0,0.022,0,0,360,633.15
14,35,0.37,0.16,0.6,0.027,0.02,0.005,0,0.12,0.01,0,0,0,0,0,0,0,0.006,0,0,370,643.15
16,40,0.41,0.27,0.66,0.024,0.012,0,0.07,0.1,0,0.04,0,0,0,0,0,0,0,0,0,325,598.15
17,40,0.43,0.24,0.68,0,0,0,0.13,0,0,0.25,0,0,0,0,0,0,0,0,0,340,613.15
19,45,0.44,0.22,0.66,0,0,0,0.15,0,0,0,0,0.02,0,0,0,0,0,0,0,350,623.15
21,45,0.46,0.29,0.39,0.012,0.026,0.003,0.12,0.215,0.006,0,0,0,0,0,0,0,0,0,0,355,628.15
23,45,0.47,0.36,0.46,0,0,0,0,0,0,0,0,0,0,0,0,0,0,0,0,323,596.15
24,50,0.46,0.19,0.8,0,0,0,0.13,0,0,0.17,0,0,0,0,0,0,0,0,0,350,623.15
25,50,0.5,0.53,0.23,0,0,0,0,0,0,0,0,0,0,0,0,0,0,0,0,320,593.15
26,50,0.53,0.23,0.32,0,0,0,0,0,0,0,0,0,0,0,0,0,0,0,0,290,563.15
27,50,0.54,0,0.46,0,0,0,0,0,0,0,0,0,0,0,0,0,0,0,0,290,563.15
28,55,0.55,0,0,0,0,0,0,0,0,0,0,0,0,0,0,0,0,0,0,320,593.15
30,65,0.64,0.22,0.68,0,0,0,0,0,0,0,0,0,0,0,0,0,0,0,0,280,553.15
31,70,0.68,0,0,0,0,0,0,0,0,0,0,0,0,0,0,0,0,0,0,280,553.15
32,75,0.75,0.33,0.7,0,0,0,0.17,0,0,0.2,0,0,0,0,0,0,0,0,0,230,503.15
33,85,0.82,0.21,0.5,0,0,0,0.1,0,0,0.2,0,0,0,0,0,0,0,0,0,230,503.15
35,15Mn,0.16,0.41,1.22,0.012,0.021,0,0,0.08,0,0.02,0,0,0,0,0,0,0,0,0,420,693.15
36,15Mn,0.16,0.24,0.83,0.036,0.022,0.04,0.038,0,0,0.025,0,0,0,0,0,0,0,0,0,440,713.15
37,15Mn,0.17,0.92,0,0,0,0,0,0,0,0,0,0,0,0,0,0,0,0,0,405,678.15
38,20Mn,0.17,0.51,1.39,0.025,0.024,0.069,0,0,0.01,0,0,0,0,0,0,0,0,0,0,425,698.15
40,20Mn,0.19,0.42,1.2,0,0,0,0.08,0.21,0,0,0,0,0,0,0,0,0,0,0,420,693.15
41,20Mn,0.2,0.53,1.2,0,0,0,0.1,0.17,0,0,0,0,0,0,0,0,0,0,0,420,693.15
42,25Mn,0.23,0.45,1.32,0.029,0.022,0,0.05,0,0,0,0,0,0,0,0,0,0,0,0,405,678.15
43,30Mn,0.28,0.3,1.21,0,0,0,0,0,0,0,0,0,0,0,0,0,0,0,0,375,648.15
44,30Mn,0.3,0.46,0.75,0,0,0,0,0,0,0,0,0,0,0,0,0,0,0,0,345,618.15
45,35Mn,0.33,0.3,1.12,0,0,0,0.11,0.19,0,0,0,0,0,0,0,0,0,0,0,355,628.15
46,40Mn,0.4,0.17,1.42,0.026,0.017,0,0.06,0.14,0,0.05,0,0,0,0,0,0,0,0,0,320,593.15
47,45Mn,0.47,0.36,1.37,0,0,0,0.15,0.19,0,0,0,0,0,0,0,0,0,0,0,300,573.15
48,50Mn,0.5,0,0.91,0,0,0,0,0,0,0,0,0,0,0,0,0,0,0,0,320,593.15
49,50Mn,0.55,0.29,0.9,0.014,0.02,0.014,0.09,0.1,0,0.07,0,0,0,0,0,0.01,0,0.015,0,295,568.15
51,50Mn,0.56,0.28,1.47,0.031,0.027,0.004,0.18,0.09,0,0.07,0,0,0,0,0,0.008,0,0.015,0,270,543.15
53,60Mn,0.63,0,0.87,0,0,0,0,0,0,0,0,0,0,0,0,0,0,0,0,270,543.15
54,65Mn,0.64,0.1,1.13,0,0,0,0,0,0,0,0,0,0,0,0,0,0,0,0,270,543.15
56,08Mn2Si,0.07,0.8,1.45,0,0,0,0.16,0,0,0.12,0,0,0,0,0,0,0,0,0,300,573.15
57,08Mn2Si,0.09,0.83,2,0,0,0,0.17,0,0,0.24,0,0,0,0,0,0,0,0,0,365,638.15
60,10MoWVNb,0.11,0.5,0.6,0.021,0.003,0,0,0,0,0,0.66,0.44,0,0,0,0.7,0,0,0.067,470,743.15
61,12MnV,0.12,0.34,1.4,0.022,0.014,0.035,0.04,0.07,0,0.04,0,0.07,0,0,0,0.04,0,0,0,490,763.15
62,15MnNiMo,0.13,0.29,1.18,0.016,0.01,0.027,0.05,0.07,0,0.56,0,0,0,0,0,0.14,0,0,0,430,703.15
64,15MnTi,0.17,0.4,1.48,0,0.024,0,0,0,0,0,0,0,0.148,0,0,0,0,0,0,390,663.15
65,15MnNb,0.13,0.02,1.12,0.02,0.017,0,0.02,0.06,0,0,0,0,0,0,0,0,0,0,0.025,460,733.15
67,15MnVTiR,0.14,0.48,1.52,0.011,0.004,0,0,0.037,0,0,0,0.07,0.12,0,0,0,0,0,0,400,673.15
68,16Mn,0.19,0.53,1.38,0,0.022,0,0,0,0,0,0,0,0.02,0,0,0,0,0,0,386,659.15
69,16Mn,0.15,0.5,1.42,0.016,0.022,0,0,0,0,0,0,0,0,0,0,0,0,0,0,410,683.15
70,20Mn,0.18,0.44,1.4,0.012,0.012,0.008,0,0.07,0,0,0,0,0,0,0,0,0,0,0,420,693.15
71,18MnMoNb,0.19,0.27,1.3,0,0,0,0.24,0,0,0.25,0,0,0,0,0,0.53,0,0,0.04,370,643.15
72,20Mn2,0.2,0,1.88,0,0,0,0,0,0,0,0,0,0,0,0,0,0,0,0,400,673.15
73,20Mn2,0.23,0.4,1.53,0,0,0,0.03,0,0,0,0,0,0,0,0,0,0,0,0,400,673.15
74,30Mn2,0.29,0.26,1.67,0,0,0,0.12,0.11,0,0,0,0,0,0,0,0,0,0,0,380,653.15
75,30Mn2,0.33,0.23,1.54,0,0,0,0.15,0,0,0.18,0,0,0,0,0,0,0,0,0,340,613.15
76,35Mn2,0.35,0,1.85,0,0,0,0,0,0,0,0,0,0,0,0,0,0,0,0,325,598.15
77,40Mn2,0.4,0.4,2.06,0,0,0,0.11,0,0,0.05,0,0,0,0,0,0,0,0,0,300,573.15
78,40Mn2,0.4,0,1.88,0,0,0,0,0,0,0,0,0,0,0,0,0,0,0,0,345,618.15
79,40Mn2,0.42,0.27,1.82,0,0,0,0,0,0,0,0,0,0,0,0,0,0,0,0,340,613.15
80,40Mn2,0.43,0,1.58,0,0,0,0,0,0,0,0,0,0,0,0,0,0,0,0,330,603.15
81,45Mn2,0.45,0.27,1.72,0,0,0,0.1,0,0,0.13,0,0,0,0,0,0,0,0,0,245,518.15
82,50Mn2,0.48,0.28,1.98,0.02,0.011,0,0,0,0,0,0,0,0,0,0,0,0,0,0,290,563.15
84,50Mn2,0.51,0.04,1.56,0,0,0,0,0,0,0,0,0,0,0,0,0,0,0,0,330,603.15
85,20Cr,0.2,0.3,0.72,0,0,0,0.79,0,0,0.27,0,0,0,0,0,0,0,0,0,390,663.15
86,20Cr,0.2,0.32,0.67,0,0,0,1.02,0,0,0,0,0,0,0,0,0,0,0,0,420,693.15
87,20Cr,0.2,0.32,0.67,0.019,0.012,0,1.02,0.11,0,0.16,0,0,0,0,0,0,0,0,0,420,693.15
88,30Cr,0.3,0.25,0.5,0,0,0,1.28,0,0,0.09,0,0,0,0,0,0,0,0,0,360,633.15
89,30Cr,0.32,0.3,0.76,0,0,0,1.08,0,0,0.26,0,0,0,0,0,0,0,0,0,350,623.15
90,35Cr,0.35,0.23,0.65,0,0,0,1.11,0,0,0.23,0,0,0,0,0,0,0,0,0,360,633.15
94,35Cr,0.36,0.29,0.69,0,0,0,1.09,0,0,0.08,0,0,0,0,0,0,0,0,0,370,643.15
95,38CrA,0.42,0.27,0.55,0,0,0,0.93,0,0,0.1,0,0,0,0,0,0,0,0,0,295,568.15
96,40Cr,0.38,0.26,0.74,0,0,0,0.9,0.17,0,0,0,0,0,0,0,0,0,0,0,325,598.15
97,40Cr,0.42,0.16,0.68,0,0,0,0.93,0,0,0.07,0,0,0,0,0,0,0,0,0,330,603.15
98,40Cr,0.42,0.2,0.59,0.019,0.013,0,0.98,0.18,0,0.09,0,0,0,0,0,0,0,0,0,345,618.15
99,45Cr,0.44,0.22,0.8,0,0,0,1.04,0,0,0.26,0,0,0,0,0,0,0,0,0,355,628.15
101,45Cr,0.44,0,0.74,0,0,0,1.04,0,0,0,0,0,0,0,0,0,0,0,0,370,643.15
104,45Cr,0.44,0.22,0.8,0,0,0,1.04,0,0,0.26,0,0,0,0,0,0,0,0,0,355,628.15
105,15CrMn,0.16,0.22,1.12,0,0,0,0.99,0,0,0.12,0,0,0,0,0,0,0,0,0,400,673.15
108,15CrMn,0.16,0.22,1.12,0,0,0,0.99,0,0,0.12,0,0,0,0,0,0,0,0,0,400,673.15
109,20CrMn,0.23,0.37,1.13,0,0,0,1.17,0,0,0,0,0,0,0,0,0,0,0,0,360,633.15
111,30CrMn,0.33,0.22,0.12,0.03,0.008,0.015,0.99,0.22,0,0.12,0,0,0,0,0,0.02,0,0,0,345,618.15
112,35CrMn,0.33,0.22,1.12,0.03,0.008,0.015,0.99,0.22,0,0.12,0,0,0,0,0,0,0,0,0,350,623.15
113,35CrMn,0.39,0.56,1.44,0,0,0,0.53,0,0,0.06,0,0,0,0,0,0,0,0,0,300,573.15
114,40CrMn,0.41,0.27,0.9,0,0,0,1.04,0,0,0.04,0,0,0,0,0,0,0,0,0,350,623.15
115,50CrMn,0.48,0.59,1.3,0,0,0,0.54,0,0,0.06,0,0,0,0,0,0,0,0,0,290,563.15
116,16Mo,0.17,0.27,0.79,0,0,0,0.08,0,0,0.45,0,0,0,0,0,0.41,0,0,0,420,693.15
117,35Mo,0.36,0.28,0.13,0,0,0,0.18,0,0,0.17,0,0,0,0,0,1.06,0,0,0,370,643.15
118,40Mo,0.4,0,0.42,0,0,0,0,0,0,0,0,0,0,0,0,0.53,0,0,0,356,629.15
119,40Mo,0.41,0,0.69,0,0,0,0,0,0,0,0,0,0,0,0,0.28,0,0,0,380,653.15
120,40Mo,0.44,0,0.65,0,0,0,0,0,0,0,0,0,0,0,0,0.15,0,0,0,380,653.15
121,50Mo,0.54,0.21,0.21,0,0,0,0,0,0,0,0,0,0,0,0,0.54,0,0,0,330,603.15
122,15CrMo,0.16,0.31,0.75,0.019,0.003,0,1.02,0.11,0,0.09,0,0,0,0,0,0.21,0,0,0,410,683.15
123,15CrMo,0.17,0.23,0.8,0,0,0,1.06,0,0,0,0,0,0,0,0,0.24,0,0,0,385,658.15
124,15CrMo,0.18,0.21,0.62,0,0,0,0.81,0,0,0,0,0,0,0,0,0.27,0,0,0,380,653.15
125,15CrMo,0.18,0.25,0.62,0,0,0,0.8,0,0,0,0,0,0,0,0,0.4,0,0,0,435,708.15
126,15CrMo,1.08,0.21,0.62,0,0,0,0.81,0,0,0,0,0,0,0,0,0.27,0,0,0,100,373.15
127,20CrMo,0.22,0.25,0.64,0,0,0,0.97,0,0,0,0,0,0,0,0,0.23,0,0,0,400,673.15
128,20CrMo,0.22,0.24,0.61,0,0,0,1,0,0,0,0,0,0,0,0,0.18,0,0,0,385,658.15
129,20CrMo,0.22,0.25,0.64,0,0,0,0.97,0,0,0,0,0,0,0,0,0.23,0,0,0,400,673.15
130,20CrMo,0.22,0.3,0.66,0.018,0.011,0.049,0.56,0.18,0.02,0.15,0,0,0,0.0005,0,0.44,0,0,0,425,698.15
131,20CrMo,0.22,0.3,0.66,0.018,0.011,0.049,0.56,0.18,0.02,0.15,0,0,0,0.0005,0,0.44,0,0,0,425,698.15
132,20CrMo,0.22,0.25,0.64,0,0,0,0.97,0,0,0,0,0,0,0,0,0.23,0,0,0,400,673.15
134,20CrMo,0.23,0.47,0.68,0,0,0,0.96,0,0,0,0,0,0,0,0,0.39,0,0,0,425,698.15
135,25CrMo,0.25,0.21,0.68,0,0,0,1.1,0,0,0,0,0,0,0,0,0.22,0,0,0,365,638.15
136,30CrMo,0.25,0.22,0.62,0,0,0,1.05,0,0,0,0,0,0,0,0,0.24,0,0,0,365,638.15
137,30CrMo,0.27,0.13,0.6,0,0,0,0.74,0,0,0,0,0,0,0,0,0.55,0,0,0,390,663.15
138,30CrMo,0.28,0.3,0.66,0.018,0.011,0.049,0.56,0.18,0.02,0.15,0,0,0,0.0005,0,0.44,0,0,0,400,673.15
140,30CrMo,0.3,0.22,0.64,0,0,0,1.01,0,0,0,0,0,0,0,0,0.24,0,0,0,385,658.15
142,30CrMo,0.33,0.23,0.6,0,0,0,0.99,0,0,0,0,0,0,0,0,0.27,0,0,0,350,623.15
143,30CrMo,0.33,0,0.53,0,0,0,0.9,0,0,0,0,0,0,0,0,0.18,0,0,0,330,603.15
144,35CrMo,0.35,0,0,0,0,0,1.15,0,0,0,0,0,0,0,0,0.25,0,0,0,330,603.15
145,35CrMo,0.37,0.15,0.77,0,0,0,0.98,0,0,0,0,0,0,0,0,0.21,0,0,0,340,613.15
146,35CrMo,0.37,0.3,0.79,0,0,0,1,0,0,0,0,0,0,0,0,0.18,0,0,0,325,598.15
147,35CrMo,0.38,0.23,0.64,0,0,0,0.99,0,0,0,0,0,0,0,0,0.16,0,0,0,360,633.15
151,42CrMo,0.41,0.23,0.67,0,0,0,1.01,0,0,0,0,0,0,0,0,0.23,0,0,0,310,583.15
152,42CrMo,0.41,0.28,0.58,0,0,0,1.39,0,0,0,0,0,0,0,0,0.74,0,0,0,300,573.15
153,42CrMo,0.44,0.22,0.6,0,0,0,1.19,0,0,0,0,0,0,0,0,0.37,0,0,0,320,593.15
154,45CrMo,0.46,0.22,0.5,0,0,0,1,0,0,0.26,0,0,0,0,0,0.21,0,0,0,285,558.15
155,50CrMo,0.5,0.32,0.8,0,0,0,1.04,0,0,0,0,0,0,0,0,0.24,0,0,0,290,563.15
157,50CrMo,0.52,0.4,0.6,0,0,0,1,0,0,0,0,0,0,0,0,0.22,0,0,0,290,563.15
158,50CrMo,0.55,0,0.6,0,0,0,1.03,0,0,0,0,0,0,0,0,0.19,0,0,0,275,548.15
159,12Cr2Mo,0.15,0.44,0.36,0,0,0,2.24,0,0,0,0,0,0,0,0,0.85,0,0,0,380,653.15
160,12Cr2Mo1,0.11,0.21,0.47,0.01,0.01,0,2.29,0.18,0,0.14,0,0.005,0,0,0,1.02,0,0,0,465,738.15
161,15CrMnMo,0.17,0.54,0.84,0.019,0.011,0.031,0.89,0.07,0.016,0.05,0,0.01,0,0,0,0.4,0.01,0,0,450,723.15
163,15CrMnMo,0.17,0.66,0.9,0.018,0.013,0.027,0.85,0,0,0,0,0,0,0,0,0.34,0,0,0,420,693.15
165,18CrMnMo,0.78,0,0.9,0,0,0,1.02,0,0,0,0,0,0,0,0,0.21,0,0,0,161,434.15
166,18CrMnMo,0.76,0,0.91,0,0,0,1,0,0.15,0,0,0,0,0,0,0.2,0,0,0,248,521.15
167,50CrMnMo,0.5,0.32,0.8,0.017,0.022,0,1.04,0.17,0,0.11,0,0.005,0,0,0,0.24,0,0,0,280,553.15
169,20CrV,0.15,0.48,0.67,0,0,0,1.2,0,0,0,0,0.31,0,0,0,0,0,0,0,435,708.15
171,30CrV,0.32,0.21,0.4,0,0,0,1.3,0,0,0,0,0.12,0,0,0,0,0,0,0,355,628.15
172,40CrV,0.38,0.21,0.41,0,0,0,1.29,0,0,0,0,0.12,0,0,0,0,0,0,0,340,613.15
173,40CrV,0.43,0.23,0.74,0,0,0,0.92,0,0,0,0,0.15,0,0,0,0,0,0,0,281,554.15
174,45CrV,0.47,0.35,0.82,0,0,0,1.2,0,0,0,0,0.11,0,0,0,0,0,0,0,300,573.15
176,50CrV,0.49,0.33,0.9,0,0,0,0.92,0,0,0.06,0,0.12,0,0,0,0,0,0,0,300,573.15
177,50CrV,0.5,0,0.95,0,0,0,1.03,0,0,0,0,0.2,0,0,0,0,0,0,0,275,548.15
178,50CrV,0.51,0.27,0.72,0,0,0,0.94,0,0,0,0,0.2,0,0,0,0,0,0,0,320,593.15
179,12Cr1MoV,0.13,0.32,0.63,0,0,0,0.95,0,0,0,0,0.19,0,0,0,0.86,0,0,0,430,703.15
180,12Cr1MoV,0.15,0.26,0.53,0,0,0,1.04,0,0,0,0,0.25,0,0,0,1.05,0,0,0,400,673.15
181,25Cr2MoV,0.26,0.31,0.47,0,0,0,1.65,0,0,0,0,0.28,0,0,0,0.63,0,0,0,340,613.15
183,30CrMoV,0.32,0.25,0.74,0,0,0,1.04,0,0,0,0,0.24,0,0,0,1.2,0,0,0,360,633.15
184,35Mo2Cr1V,0.35,0.3,0.6,0.024,0.003,0,1.05,0,0,0,0,0.5,0,0,0,2.02,0,0,0,270,543.15
185,40CrMoV,0.43,0.27,0.75,0.011,0.011,0,1.31,0,0,0.11,0,0.23,0,0,0,0.72,0,0,0,325,598.15
186,40CrMoV,0.43,0.27,0.75,0,0,0,1.31,0,0,0.11,0,0.23,0,0,0,0.72,0,0,0,325,598.15
187,55CrMoV,0.57,0.24,0.76,0,0,0,1.07,0,0,0,0,0.19,0,0,0,0.45,0,0,0,265,538.15
188,20Cr3MoWV,0.22,0,0,0,0,0,2.8,0,0,0.33,0.46,0.65,0,0,0,0.41,0,0,0,330,603.15
190,35CrMoAl,0.33,0,0.7,0,0,1,1.42,0,0,0,0,0,0,0,0,0.25,0,0,0,355,628.15
192,38CrMoAl,0.39,0,0,0,0,0.96,1.37,0,0,0,0,0,0,0,0,0.25,0,0,0,360,633.15
193,38CrMoAl,0.4,0.18,0,0,0,0.84,1.63,0,0,0,0,0,0,0,0,0.24,0,0,0,360,633.15
194,38CrMoAlA,0.38,0.32,0.52,0.014,0.005,0.9,1.24,0,0,0,0,0,0,0,0,0.21,0,0,0,327,600.15
195,38CrMoAlA,0.41,0.2,0.44,0.013,0.007,0.87,1.53,0,0,0.14,0,0,0,0,0,0.18,0,0,0,322,595.15
196,27SiMn,0.29,1.3,1.33,0,0,0,0,0.1,0,0.12,0,0,0,0,0,0,0,0,0,355,628.15
197,27SiMn,0.29,1.17,1.7,0,0,0,0.01,0,0,0.1,0,0,0,0,0,0.13,0,0,0,250,523.15
198,35SiMn,0.37,1.11,1.45,0,0,0,0.3,0,0,0.12,0,0,0,0,0,0,0,0,0,320,593.15
199,35SiMn,0.38,1.05,1.14,0,0,0,0.23,0,0,0,0,0.02,0,0,0,0,0,0,0,330,603.15
201,35SiMn,0.38,1.37,0.79,0,0,0,0.23,0,0,0,0,0.02,0,0,0,0,0,0,0,355,628.15
204,40SiMn2,0.45,1.34,1.5,0,0,0,0.03,0,0,0,0,0.04,0,0,0,0,0,0,0,290,563.15
205,44SiMn2,0.47,1.25,1.55,0,0,0,0,0,0,0,0,0,0,0,0,0,0,0,0,290,563.15
206,20MnV,0.21,0.4,1.52,0.022,0.023,0.043,0,0,0.019,0.07,0,0.13,0,0,0,0,0,0,0,410,683.15
208,35Mn2V,0.35,0.28,1.65,0,0,0,0.27,0,0,0,0,0.15,0,0,0,0,0,0,0,320,593.15
209,42Mn2V,0.43,0.28,1.67,0,0,0,0.32,0,0,0,0,0.1,0,0,0,0,0,0,0,310,583.15
212,20MnMo,0.22,0,0.79,0,0,0,0,0,0,0,0,0,0,0,0,0.5,0,0,0,410,683.15
213,40MnNbR,0.41,0.3,1.45,0.04,0.04,0,0,0,0,0,0,0,0,0,0,0,0,0,0.035,305,578.15
214,45MnMoV,0.47,0.27,1.4,0.018,0.011,0,0,0,0,0,0,0.11,0,0,0,0.49,0,0,0,240,513.15
215,35SiMnMoV,0.38,0.82,1.68,0,0,0,0.18,0.073,0,0.085,0,0.14,0,0,0,0.31,0,0,0,314,587.15
216,45MnSiV,0.455,1.3,1.25,0,0,0,0,0,0,0,0,0.085,0,0,0,0,0,0,0,295,568.15
217,65MnSiV,0.63,1.3,1.15,0,0,0,0,0,0,0,0,0.075,0,0,0,0,0,0,0,255,528.15
218,65MnSiVTi,0.655,0.785,1.025,0,0,0,0,0,0,0,0,0.1435,0.038,0,0,0,0,0,0,247.5,520.65
219,16SiMnMoWV,0.165,0.7,2.4,0,0,0,0,0.2,0,0,1,0.15,0,0,0,0.45,0,0,0,365,638.15
220,30Si2Mn2MoWV,0.28,2.17,1.75,0.014,0.006,0.008,0,0,0,0,0.5,0.12,0,0,0,0.57,0,0,0,310,583.15
221,30Mn2MoW,0.29,0.2,1.7,0,0,0,0,0,0,0,0.89,0,0,0,0,0.62,0,0,0,340,613.15
222,35SiMn2MoV,0.37,0.75,1.7,0,0,0,0,0,0,0,0,0.075,0,0,0,0.45,0,0,0,310,583.15
223,37SiMn2MoWV,0.36,0.93,1.68,0.006,0.004,0,0.08,0.08,0,0.25,0.04,0.09,0,0,0,0.45,0,0,0,290,563.15
224,40SiMn2MoWV,0.44,0.85,1.76,0,0,0,0,0,0,0,0.96,0.1,0,0,0,0.42,0,0,0,290,563.15
225,40Si2Mn2WMoVR,0.39,1.71,1.57,0.018,0.004,0,0,0,0,0,0.96,0.16,0,0,0,0.47,0,0,0,305,578.15
226,42SiMnMoV,0.43,1.76,1.57,0.012,0.01,0,0.1,0,0,0.07,0,0.1,0,0,0,0.48,0,0,0,295,568.15
227,15SiMn3Mo,0.154,1.1,3.29,0.021,0.008,0,0.065,0.09,0,0.049,0,0,0,0,0,0.625,0,0,0,290,563.15
228,H15Mn2SiCrMo,0.155,0.875,1.77,0.02,0.003,0,1.06,0,0,0,0,0,0,0,0,0,0,0,0,380,653.15
229,27SiMn2Mo,0.29,1.17,1.7,0,0,0,0,0,0,0.1,0,0,0,0,0,0.13,0,0,0,340,613.15
230,38CrSi,0.36,1.19,0.45,0,0,0,1.65,0,0,0,0,0,0,0,0,0,0,0,0,330,603.15
231,40CrSi,0.41,1.36,0.5,0,0,0,1.41,0,0,0,0,0,0,0,0,0,0,0,0,320,593.15
232,40CrSi,0.42,1.01,0.38,0,0,0,1.5,0,0,0.25,0,0,0,0,0,0,0,0,0,315,588.15
233,40CrSiV,0.4,1.52,0.42,0,0,0,1.24,0,0,0,0,0.12,0,0,0,0,0,0,0,325,598.15
234,30CrMnSi,0.28,1,1.1,0,0,0,1,0,0,0,0,0,0,0,0,0,0,0,0,360,633.15
235,30CrMnSi,0.28,1.49,0.92,0,0,0,0.99,0,0,0.12,0,0,0,0,0,0,0,0,0,345,618.15
236,30CrMnSi,0.29,1.05,0.98,0,0,0,0.91,0,0,0.13,0,0,0,0,0,0,0,0,0,320,593.15
237,30CrMnSiA,0.28,1.1,0.91,0.016,0.01,0,1,0.13,0,0.13,0,0,0,0,0,0,0,0,0,307,580.15
238,45CrMnSi,0.43,1.38,0.95,0,0,0,1.06,0,0,0.03,0,0,0,0,0,0,0,0,0,295,568.15
240,30CrMnSiNiA,0.3,1.135,1.135,0.017,0.006,0,0.95,0.15,0,1.61,0,0,0,0,0,0,0,0,0,310,583.15
245,20CrMnTi,0.66,0,0.98,0,0,0,1.16,0,0.13,0,0,0,0.135,0,0,0,0,0,0,246.5,519.65
248,15CrMn2SiMo,0.17,0.55,2.2,0,0,0,0.55,0,0,0,0,0,0,0,0,0.45,0,0,0,359,632.15
249,15CrMn2SiMoA,1.04,0.7,2.3,0,0,0,0.7,0,0,0,0,0,0,0,0,0.5,0,0,0,70,343.15
250,30CrMnMoTiA,0.31,0.29,0.96,0.015,0.009,0,1.17,0,0,0,0,0,0.21,0,0,0.21,0,0,0,350,623.15
251,40CrMnSiMoTi,0.39,1.39,1.05,0.009,0.005,0.036,1.4,0.05,0,0.03,0,0,0.08,0,0,0.49,0,0,0,283,556.15
252,40CrMnSiMoV,0.38,1.22,0.88,0.011,0.006,0,1.16,0,0,0,0,0.08,0,0,0,0.51,0,0,0,280,553.15
253,40CrMnSiMoVR,0.38,1.61,1.05,0.017,0.006,0,1.22,0,0,0,0,0.18,0,0,0,0.45,0,0,0,302.5,575.65
254,40Cr5Mo1SiV,0.37,1.05,0.5,0.009,0.004,0,5.1,0,0,0,0,0.53,0,0,0,1.4,0,0,0,310,583.15
255,40CrMnSiNiMo,0.38,0.66,1.45,0,0,0,0.52,0,0,0.57,0,0,0,0,0,0.19,0,0,0,295,568.15
256,40CrMnSiNiMo,0.38,0.7,1.08,0,0,0,0.4,0,0,0,0,0,0,0,0,0.11,0,0,0,330,603.15
257,42SiMnCrMoVR,0.425,1.75,1.23,0.02,0.005,0.038,1.28,0.062,0,0.03,0,0.2,0,0,0,0.38,0,0,0,247.5,520.65
258,50CrMnSiMo,0.5,1.48,1.05,0,0,0,1.2,0,0,0,0,0,0,0,0,0.2,0,0,0,275,548.15
259,40B,0.405,0.3,0.75,0,0,0,0,0,0,0,0,0,0,0.0025,0,0,0,0,0,290,563.15
260,45B,0.45,0.3,0.68,0,0,0,0,0,0,0,0,0,0,0.0043,0,0,0,0,0,300,573.15
261,50B,0.51,0.3,0.75,0,0,0,0,0,0,0,0,0,0,0.0025,0,0,0,0,0,280,553.15
262,50BA,0.52,0.27,0.76,0.01,0.008,0,0,0,0,0,0,0,0.04,0.0022,0,0,0,0,0,253,526.15
263,15MnB,0.15,0.15,1.31,0.023,0.013,0,0.05,0.06,0,0.06,0,0,0,0.0005,0,0,0,0,0,410,683.15
264,20Mn2B,0.21,0,2.04,0,0,0,0.04,0,0,0.03,0,0,0,0.0015,0,0,0,0,0,380,653.15
265,20Mn2B,0.21,0,2.04,0,0,0,0,0,0,0,0,0,0,0.0015,0,0,0,0,0,160,433.15
266,40Mn2B,0.4,0,2.04,0,0,0,0.04,0,0,0.03,0,0,0,0.0015,0,0,0,0,0,330,603.15
267,40MnB,0.4,0.29,1.31,0.03,0.011,0,0,0,0,0,0,0,0,0.004,0,0,0,0,0,285,558.15
268,40MnB,0.42,0.29,1.61,0.006,0.019,0,0,0,0,0,0,0,0,0.004,0,0,0,0,0,310,583.15
269,40MnBR,0.39,0.25,1.27,0.016,0.006,0,0.02,0,0,0.03,0,0,0,0.004,0,0,0,0,0,295,568.15
271,40CrB,0.38,0.23,0.81,0,0,0,0.57,0,0,0,0,0,0,0.005,0,0,0,0,0,285,558.15
273,40CrMnMoVB,0.45,0.29,1.3,0,0,0,0.76,0,0,0,0,0.47,0,0.0052,0,0.17,0,0,0,305,578.15
274,15MnVB,0.18,0,1.36,0,0,0,0,0,0,0,0,0.08,0.02,0.0025,0,0,0,0,0,430,703.15
275,20MnVB,0.2,0.32,1.24,0,0,0,0.03,0.08,0,0.1,0,0.17,0,0.002,0,0,0,0,0,230,503.15
276,40MnVB,0.42,0.26,1.24,0,0,0,0,0,0,0,0,0.09,0,0.0037,0,0,0,0,0,305,578.15
277,42MnVB,0.43,0.25,1.18,0,0,0,0.04,0.1,0,0.12,0,0.1,0.02,0.002,0,0,0,0,0,0,273.15
278,40MnWB,0.4,0.24,1.33,0.013,0.008,0,0.02,0.11,0,0.03,0.69,0,0,0.0032,0,0,0,0,0,320,593.15
279,10CrNiMoVB,0.11,0.29,0.78,0.009,0.007,0.01,0.5,0.29,0,0.99,0,0.09,0.02,0.003,0,0.52,0,0,0,470,743.15
281,12MoVWBSiR,0.16,0.55,0.57,0,0,0,0,0,0,0,0.25,0.37,0.057,0.005,0,0.56,0,0,0,370,643.15
282,15CrMoVB,0.13,0.33,0.6,0.009,0.014,0.042,1.03,0.29,0,0.06,0,0.06,0,0.002,0,0.45,0,0,0,480,753.15
284,18CrMnMoB,0.22,0.23,1.4,0,0,0,1.81,0,0,0,0,0,0,0.004,0,0.63,0,0,0,350,623.15
285,18CrMnMoB,0.19,0.26,1.68,0.015,0.005,0,1.2,0,0,0.2,0,0,0,0.0011,0,0.5,0,0,0,330,603.15
286,18Mn2CrMoB,0.2,0,1.66,0,0,0,1.16,0,0,0,0,0,0,0.0012,0,0.49,0,0,0,330,603.15
287,18Cr2Mn2MoTiB,0.19,0.33,1.52,0.018,0.006,0,1.66,0,0,0,0,0,0.1,0.0032,0,0.2,0,0,0,387,660.15
290,25MnTiBR,0.25,0.33,1.42,0.013,0.009,0,0.04,0.06,0,0.05,0,0,0.085,0.0029,0,0,0,0,0,395,668.15
291,35Mo2VB,0.33,0.31,0.59,0.025,0.002,0,0,0,0,0,0,0.48,0,0.003,0,2.01,0,0,0,290,563.15
292,35Mo2VB,0.385,0.275,0.625,0.025,0.005,0,0,0,0,0,0,0.595,0,0.004,0,2.065,0,0,0,305,578.15
293,30Ni,0.33,0.21,0.62,0,0,0,0,0,0,0.89,0,0,0,0,0,0.05,0,0,0,365,638.15
294,40Ni,0.39,0.2,0.86,0,0,0,0.13,0,0,1.12,0,0,0,0,0,0,0,0,0,330,603.15
295,40Ni,0.43,0.21,0.95,0,0,0,0.15,0,0,0.93,0,0,0,0,0,0,0,0,0,315,588.15
296,40Ni,0.43,0.36,0.75,0,0,0,0,0,0,1.15,0,0,0,0,0,0,0,0,0,310,583.15
297,40Ni5,0.43,0.24,0.43,0.014,0.014,0.031,0.04,0,0,5,0,0,0.008,0,0,0,0,0,0,250,523.15
299,0Ni9,0.05,0.2,0.77,0.003,0.005,0.003,0.01,0.01,0,9.49,0,0,0,0,0,0.05,0,0,0,350,623.15
300,Ni9,0.09,0.21,0.61,0.009,0.018,0,0,0,0,8.7,0,0,0,0,0,0,0,0,0,370,643.15
301,12CrNi2,0.11,0.3,0.5,0,0,0,0.64,0,0,1.59,0,0,0,0,0,0,0,0,0,405,678.15
302,12CrNi2,0.15,0.3,0.55,0,0,0,0.82,0,0,1.3,0,0,0,0,0,0,0,0,0,395,668.15
303,12CrNi3,0.11,0.13,0.38,0,0,0,0.87,0,0,3.26,0,0,0,0,0,0,0,0,0,420,693.15
305,12CrNi3,0.13,0.33,0.35,0,0,0,0.86,0,0,3.42,0,0,0,0,0,0,0,0,0,380,653.15
306,12CrNi3,0.14,0.28,0.36,0,0,0,0.68,0,0,3.18,0,0,0,0,0,0,0,0,0,380,653.15
307,12CrNi3,0.8,0.28,0.36,0,0,0,0.68,0,0,3.18,0,0,0,0,0,0,0,0,0,170,443.15
308,12CrNi3,1,0.12,0.3,0,0,0,0.9,0,0,3.27,0,0,0,0,0,0,0,0,0,150,423.15
310,12Cr2Ni4,0.1,0.2,0.34,0,0,0,1.66,0,0,3.51,0,0,0,0,0,0,0,0,0,420,693.15
311,12Cr2Ni4,0.11,0.09,0.38,0,0,0,1.33,0,0,4.15,0,0,0,0,0,0,0,0,0,400,673.15
313,12Cr2Ni4,0.15,0.2,0.45,0,0,0,1.54,0,0,4.03,0,0,0,0,0,0,0,0,0,390,663.15
314,12Cr2Ni4,1.02,0.27,0.47,0,0,0,1.22,0,0,4.15,0,0,0,0,0,0,0,0,0,125,398.15
315,12Cr2Ni4,0.89,0.19,0.39,0,0,0,1.58,0,0,4,0,0,0,0,0,0,0,0,0,190,463.15
318,15Cr2Ni2,0.16,0.31,0.5,0.013,0.014,0.03,1.95,0,0,2.02,0,0.01,0,0,0,0.03,0,0,0,450,723.15
320,20CrNi,0.2,0.15,0.71,0,0,0,0.8,0,0,1.13,0,0,0,0,0,0,0,0,0,410,683.15
321,20CrNi,0.96,0.26,0.74,0,0,0,0.81,0,0,1.19,0,0,0,0,0,0,0,0,0,150,423.15
324,20CrNi2,0.19,0.3,0.55,0,0,0,0.81,0,0,1.52,0,0,0,0,0,0,0,0,0,375,648.15
325,20CrNi3,0.17,0,0,0,0,0,0.9,0,0,3.38,0,0,0,0,0,0,0,0,0,340,613.15
328,20CrNi3A,0.23,0.26,0.4,0,0,0,0.74,0,0,2.99,0,0,0,0,0,0,0,0,0,320,593.15
329,20Cr2Ni4,0.18,0,0,0,0,0,1.68,0,0,3.73,0,0,0,0,0,0,0,0,0,330,603.15
330,20Cr2Ni4,0,0,0,0,0,0,1.68,0,0,3.73,0,0,0,0,0,0,0,0,0,120,393.15
331,30CrNi3,0.32,0.2,0.3,0,0,0,0.69,0,0,2.95,0,0,0,0,0,0,0,0,0,320,593.15
332,30CrNi3,0.33,0.32,0.51,0,0,0,0.83,0,0,3.38,0,0,0,0,0,0,0,0,0,305,578.15
333,35Cr2Ni4,0.36,0.32,0.53,0,0,0,1.86,0,0,3.74,0,0,0,0,0,0,0,0,0,265,538.15
334,37CrNi3,0.4,0.26,0.43,0,0,0,1.1,0,0,3.5,0,0,0,0,0,0,0,0,0,265,538.15
335,37CrNi3,0.35,0,0,0,0,0,1.5,0,0,3.5,0,0,0,0,0,0,0,0,0,270,543.15
336,37CrNi3,0.39,0,0,0,0,0,1.49,0,0,2.9,0,0,0,0,0,0,0,0,0,250,523.15
337,37CrNi3,0.35,0.19,0.37,0,0,0,1.32,0,0,3.6,0,0,0,0,0,0,0,0,0,280,553.15
338,40CrNi,0.38,0.21,0.72,0,0,0,0.5,0,0,1.3,0,0,0,0,0,0,0,0,0,340,613.15
339,40CrNi,0.4,0.27,0.66,0,0,0,0.63,0,0,0.99,0,0,0,0,0,0,0,0,0,305,578.15
340,40CrNi,0.41,0.24,0.55,0,0,0,0.8,0,0,0.93,0,0,0,0,0,0,0,0,0,320,593.15
341,40Cr2Ni4,0.42,0.41,0.6,0,0,0,1.25,0,0,4.4,0,0,0,0,0,0,0,0,0,240,513.15
342,45CrNi,0.44,0.31,0.8,0,0,0,0.96,0,0,0.46,0,0,0,0,0,0,0,0,0,310,583.15
343,50CrNi,0.5,0.4,0.7,0,0,0,0.52,0,0,0.48,0,0,0,0,0,0,0,0,0,300,573.15
344,12CrNi3Mo,0.11,0.26,0,0,0,0,0.68,0,0,3.02,0,0,0,0,0,0.19,0,0,0,385,658.15
345,12CrNi3Mo,0.15,0.35,0,0,0,0,0.84,0,0,3.09,0,0,0,0,0,0.14,0,0,0,370,643.15
346,12CrNi3Mo,0.16,0.2,0,0,0,0,1.02,0,0,3.02,0,0,0,0,0,0.26,0,0,0,355,628.15
347,12Cr2Ni4Mo,0.15,0.2,0,0,0,0,1.16,0,0,4.33,0,0,0,0,0,0.17,0,0,0,370,643.15
348,12Cr2Ni4Mo,0.93,0.3,0,0,0,0,1.18,0,0,4.25,0,0,0,0,0,0.16,0,0,0,125,398.15
349,12Cr2Ni4Mo,0.15,0.2,0,0,0,0,1.16,0,0,4.33,0,0,0,0,0,0.17,0,0,0,365,638.15
351,18CrNiMo,0.17,0,0,0,0,0,1.44,0,0,4.4,0,0,0,0,0,0.5,0,0,0,370,643.15
352,20CrNiMo,0.17,0.28,0,0,0,0,0.49,0,0,1.13,0,0,0,0,0,0.13,0,0,0,0,273.15
354,20CrNiMo,0.18,0.31,0,0,0,0,0.56,0,0,0.52,0,0,0,0,0,0.19,0,0,0,410,683.15
355,20CrNiMo,0.23,0.29,0.95,0,0,0,0.55,0,0,0.53,0,0,0,0,0,0.18,0,0,0,360,633.15
356,20CrNi2Mo,0.21,0.23,0.55,0,0,0,0.47,0,0,1.81,0,0,0,0,0,0.26,0,0,0,360,633.15
357,20CrNi3Mo,0.2,0.29,0.89,0,0,0,1.51,0,0,2.85,0,0,0,0,0,0.46,0,0,0,400,673.15
358,30CrNiMo,0.33,0.24,0,0,0,0,0.54,0,0,1.22,0,0,0,0,0,0.17,0,0,0,340,613.15
359,30CrNi2Mo,0.3,0.24,0.46,0.03,0.025,0,1.44,0.2,0,2.06,0,0,0,0,0,0.37,0,0,0,350,623.15
361,30CrNi3Mo,0.3,0.3,0,0,0,0,0.86,0,0,3.2,0,0,0,0,0,0.4,0,0,0,320,593.15
362,30CrNi3Mo,0.32,0.28,0,0,0,0,0.63,0,0,3.22,0,0,0,0,0,0.22,0,0,0,310,583.15
363,30CrNi3Mo,0.33,0.21,0,0,0,0,0.76,0,0,2.92,0,0,0,0,0,0.18,0,0,0,310,583.15
364,34CrNi3Mo,0.36,0.27,0,0,0,0,0.91,0,0,2.8,0,0,0,0,0,0.24,0,0,0,290,563.15
367,35CrNiMo,0.34,0.22,0,0,0,0,0.92,0,0,1.82,0,0,0,0,0,0.25,0,0,0,340,613.15
368,40CrNiMo,0.36,0.33,0,0,0,0,0.95,0,0,1.82,0,0,0,0,0,0.24,0,0,0,320,593.15
369,40CrNiMo,0.38,0.2,0,0,0,0,0.95,0,0,1.58,0,0,0,0,0,0.26,0,0,0,320,593.15
370,40CrNiMoA,0.38,0.345,0.365,0.0163,0.008,0,1.71,0,0,1.31,0,0,0,0,0,0.232,0,0,0,332,605.15
371,40CrNiMo,0.38,0.26,0,0,0,0,0.98,0,0,1.63,0,0,0,0,0,0.22,0,0,0,320,593.15
372,40CrNiMo,0.39,0.23,0,0,0,0,1.11,0,0,1.44,0,0,0,0,0,0.18,0,0,0,320,593.15
373,40CrNiMo,0.4,0.3,0.7,0,0,0,0.48,0,0,0.53,0,0,0,0,0,0.2,0,0,0,350,623.15
374,40CrNiMo,0.42,0.24,0.78,0.018,0.027,0,0.8,0,0,1.79,0,0,0,0,0,0.33,0,0,0,290,563.15
375,40CrNiMo,0.42,0.24,0.77,0,0,0,0.81,0,0,1.76,0,0,0,0,0,0.21,0,0,0,325,598.15
376,40CrNi4Mo,0.4,0.2,0.35,0.01,0.015,0,1.27,0.16,0,4.03,0,0.04,0,0,0,0.24,0,0,0,270,543.15
378,45CrNiMo,0.44,0,0.9,0,0,0,0.54,0,0,0.45,0,0,0,0,0,0.22,0,0,0,297,570.15
379,35CrNiMo1V,0.35,0.34,0.68,0.014,0.002,0,1.03,0,0,1.15,0,0,0,0,0,1.07,0,0,0,295,568.15
380,30CrNi2MoV,0.3,0.28,0.37,0.022,0.006,0,0.69,0,0,2.16,0,0.21,0,0,0,0.23,0,0,0,340,613.15
381,35CrNi3MoV,0.32,0,0,0,0,0,1.37,0,0,3.02,0,0.18,0,0,0,0.48,0,0,0,320,593.15
382,35CrW,0.34,0.32,0,0,0,0,0.99,0,0,0.28,0.68,0,0,0,0,0,0,0,0,370,643.15
383,18Cr2Ni4W,0.16,0.19,1,1,1,1,1.51,0,0,4.3,0.86,0,0,0,0,0,0,0,0,310,583.15
385,50CrMn,0.48,0.25,0.86,0,0,0,0.98,0,0,0.18,0,0,0,0,0,0,0,0,0,300,573.15
386,55CrMn,0.53,0.22,1.12,0.03,0.008,0.015,0.99,0.22,0,0.12,0,0,0,0,0,0.02,0,0,0,280,553.15
388,50CrMnV,0.47,0.38,1.04,0,0,0,1.2,0,0,0,0,0.18,0,0,0,0,0,0,0,290,563.15
392,50CrMnV,0.48,0.35,1,0,0,0,0.9,0,0,0.05,0,0.11,0,0,0,0,0,0,0,285,558.15
393,50CrMnV,0.49,0.23,0.9,0,0,0,1.03,0,0,0.06,0,0.12,0,0,0,0,0,0,0,290,563.15
394,50CrMnV,0.5,0.26,0.91,0,0,0,1.07,0,0,0.06,0,0.12,0,0,0,0,0,0,0,295,568.15
395,50CrMnV,0.55,0.22,0.98,0,0,0,1.02,0,0,0,0,0.11,0,0,0,0,0,0,0,270,543.15
399,55Si,0.54,1.27,0.23,0.01,0.005,0,0.05,0,0,0.02,0,0,0,0,0,0,0,0,0,325,598.15
400,55Si2Mn,0.55,1.85,0.64,0,0,0,0.17,0,0,0,0,0,0,0,0,0,0,0,0,305,578.15
401,55Si2Mn,0.55,1.74,0.87,0,0,0,0.1,0,0,0.16,0,0,0,0,0,0,0,0,0,260,533.15
402,55Si2Mn,0.55,1.68,0.61,0,0,0,0.05,0,0,0.19,0,0,0,0,0,0,0,0,0,285,558.15
403,55Si2Mn,0.57,1.73,0.67,0,0,0,0.13,0,0,0,0,0,0,0,0,0,0,0,0,300,573.15
404,55Si2MnB,0.56,1.87,0.8,0,0,0,0,0,0,0,0,0,0,0.0044,0,0,0,0,0,289,562.15
405,55SiMnCuR,0.55,0.95,1.065,0,0,0,0,0.3,0,0,0,0,0,0,0,0,0,0,0,245,518.15
406,55SiMnMoV,0.55,1.01,1.04,0.017,0.013,0,0.1,0.11,0,0.04,0,0.18,0,0,0,0.3,0,0,0,290,563.15
407,60SiMn,0.57,1.08,0.81,0,0,0,0.09,0,0,0.18,0,0,0,0,0,0,0,0,0,258,531.15
408,60Si2Mn,0.62,2.01,0.82,0,0,0,0.07,0,0,0,0,0,0,0,0,0,0,0,0,250,523.15
409,60Si2Mn,0.62,2.01,0.95,0,0,0,0.15,0,0,0,0,0,0,0,0,0,0,0,0,250,523.15
410,60Si2Mn,0.62,2.13,0.86,0,0,0,0.33,0,0,0,0,0,0,0,0,0,0,0,0,250,523.15
411,60Si2Mo,0.6,1.9,0.75,0,0,0,0.25,0,0,0,0,0,0,0,0,0.3,0,0,0,260,533.15
412,60CrMnSiV,0.58,0.89,0.81,0,0,0,1.27,0,0,0,0,0.11,0,0,0,0,0,0,0,270,543.15
416,60CrMnSiV,0.64,0.69,0.78,0,0,0,1.18,0,0,0,0,0.12,0,0,0,0,0,0,0,240,513.15
417,65Mn,0.64,0,1.13,0,0,0,0,0,0,0,0,0,0,0,0,0,0,0,0,250,523.15
418,65Mn,0.65,0,1.32,0.022,0.041,0,0,0,0,0,0,0,0,0,0,0,0,0,0,200,473.15
419,70Si3Mn,0.68,2.67,0.67,0,0,0,0.18,0,0,0,0,0,0,0,0,0,0,0,0,290,563.15
420,70Si3Mn,0.68,2.73,0.65,0,0,0,0,0,0,0,0,0,0,0,0,0,0,0,0,270,543.15
421,GCr6,1.05,0.19,0.32,0,0,0,0.54,0,0,0,0,0,0,0,0,0,0,0,0,192,465.15
422,GCr9,1.01,0.3,0.5,0,0,0,1.21,0,0,0,0,0,0,0,0,0,0,0,0,205,478.15
423,GCr15,1,0.27,0.3,0,0,0,1.71,0,0,0.21,0,0,0,0,0,0.04,0,0,0,230,503.15
425,GCr15,1.02,0.33,0.36,0,0,0,1.41,0,0,0.2,0,0,0,0,0,0,0,0,0,240,513.15
427,GCr15,1.03,0.28,0.25,0.016,0.007,0,1.47,0.05,0,0.04,0,0,0,0,0,0.02,0,0,0,202,475.15
428,GCr15,1.04,0.26,0.33,0,0,0,1.53,0,0,0.31,0,0,0,0,0,0,0,0,0,245,518.15
432,GCr15,1.06,0.32,0.33,0,0,0,1.44,0,0,0,0,0,0,0,0,0,0,0,0,250,523.15
433,GCr15,1.08,0.25,0.53,0,0,0,1.46,0,0,0.33,0,0,0,0,0,0.06,0,0,0,200,473.15
434,GCr15R,1.02,0.25,0.28,0.012,0.004,0,1.47,0.06,0,0.03,0,0,0,0,0,0,0,0,0,244,517.15
435,GCr15SiMn,0.93,0.55,1.1,0,0,0,1.35,0,0,0,0,0,0,0,0,0,0,0,0,205,478.15
436,GCr15SiMn,0.99,0.55,1,0,0,0,1.45,0,0,0,0,0,0,0,0,0,0,0,0,200,473.15
437,GCr9SiMn,1,0.55,1.025,0.02,0.02,0,1.05,0,0,0,0,0,0,0,0,0,0,0,0,175,448.15
438,GSiMn,0.99,0.75,1.37,0.012,0.005,0,0,0,0,0,0,0,0,0,0,0,0,0,0,165,438.15
439,GSiMnR,1,0.75,1.36,0.018,0.006,0,0,0,0,0,0,0,0,0,0,0,0,0,0,165,438.15
440,GSiMnV,1.01,0.56,1.21,0.01,0.005,0,0,0.07,0,0,0,0.19,0,0,0,0,0,0,0,175,448.15
441,GSiMnVR,1.01,0.68,1.2,0.013,0.004,0,0,0.07,0,0,0,0.19,0,0,0,0,0,0,0,175,448.15
442,GSiMnV,1.025,0.675,1.2,0.02,0.02,0,0.2,0.2,0,0.2,0,0.25,0,0,0,0,0,0,0,190,463.15
444,GMnMoVR,1,0.275,1.25,0,0,0,0,0,0,0,0,0.2,0,0,0,0.5,0,0,0,172.5,445.65
446,2Cr12NiWMoV,0.17,0.31,0.72,0.019,0.003,0,11.88,0,0,1.07,0.89,0.28,0,0,0,0.85,0,0,0,220,493.15
447,2Cr12Ni2WMoV,0.19,0.3,0.85,0.02,0.002,0,12.2,0,0,2.17,0.58,0.21,0,0,0,1.4,0,0,0,205,478.15
448,0Cr13,0.06,0,0,0,0,0,12.8,0,0,0,0,0,0,0,0,0,0,0,0,370,643.15
449,0Cr13,0.08,0.22,0.43,0,0,0,11.28,0,0,0.35,0,0,0,0,0,0.05,0,0,0,380,653.15
450,0Cr13,0.07,0.3,0.21,0,0,0,12.3,0,0,0.09,0,0,0,0,0,0,0,0,0,370,643.15
451,1Cr13,0.1,0,0,0,0,0,12.4,0,0,0,0,0,0,0,0,0,0,0,0,340,613.15
452,1Cr13,0.11,0.37,0.44,0,0,0,12.18,0,0,0.16,0,0,0,0,0,0.02,0,0,0,350,623.15
453,1Cr13,0.11,0.31,0.62,0,0,0,13.24,0,0,0.15,0,0,0,0,0,0.02,0,0,0,335,608.15
454,1Cr13,0.12,0,0,0,0,0,12.3,0,0,0,0,0,0,0,0,0,0,0,0,335,608.15
455,1Cr13,0.11,0.45,0.49,0,0,0,12,0,0,0.13,0,0,0,0,0,0.02,0,0,0,350,623.15
456,1Cr13,0.13,0.52,0.33,0,0,0,12.5,0,0,0.12,0,0,0,0,0,0,0,0,0,300,573.15
458,2Cr13,0.24,0.37,0.27,0,0,0,13.32,0,0,0.32,0,0,0,0,0,0.06,0,0,0,320,593.15
459,3Cr13,0.25,0.37,0.29,0,0,0,13.4,0,0,0.13,0,0,0,0,0,0,0,0,0,240,513.15
463,3Cr13,0.29,0.85,0.4,0,0,0,12.32,0,0,0.18,0,0,0,0,0,0,0,0,0,270,543.15
464,4Cr13,0.44,0.3,0.2,0,0,0,13.12,0,0,0.31,0,0,0,0,0,0,0,0,0,270,543.15
468,4Cr13,0.45,0.32,0.4,0,0,0,13.8,0,0,0.12,0,0,0,0,0,0,0,0,0,250,523.15
469,Cr13Ni2,0.1,0.9,0.9,0.03,0.02,0,12.65,0,0,1.86,0,0,0,0,0,0,0,0,0,232,505.15
470,Cr17,0.09,0.33,0.4,0,0,0,17.2,0,0.03,0.34,0,0,0,0,0,0,0,0,0,160,433.15
471,Cr17Ni2,0.18,0.08,0.08,0,0,0,16,0,0,1.875,0,0,0,0,0,0,0,0,0,143,416.15
473,9Cr18,1.075,0.9,0.9,0,0,0,17,0,0,0,0,0,0,0,0,0,0,0,0,171,444.15
474,9Cr18(MoV),0.975,0.9,0.9,0,0,0,18,0,0,0,0,0.15,0,0,0,0.55,0,0,0,175,448.15
475,Cr5Mo,0.11,0.44,0.38,0.017,0.007,0,5.46,0,0,0.15,0,0,0,0,0,0.42,0,0,0,440,713.15
476,T7,0.65,0.19,0.39,0,0,0,0.16,0,0,0.19,0,0,0,0,0,0,0,0,0,285,558.15
477,T7,0.66,0,0.27,0,0,0,0,0,0,0,0,0,0,0,0,0,0,0,0,280,553.15
478,T8,0.76,0.22,0.29,0,0,0,0.11,0,0,0.07,0,0,0,0,0,0,0,0,0,245,518.15
482,T8,0.78,0.16,0.36,0,0,0,0,0,0,0,0,0,0,0,0,0,0,0,0,235,508.15
483,T8,0.81,0.17,0.28,0,0,0,0.09,0,0,0.03,0,0,0,0,0,0,0,0,0,235,508.15
484,T8Mn,0.79,0,0.76,0,0,0,0,0,0,0,0,0,0,0,0,0,0,0,0,230,503.15
485,T9,0.89,0.15,0.29,0,0,0,0,0,0,0,0,0,0,0,0,0,0,0,0,230,503.15
486,T9,0.9,0.29,0.39,0.012,0.026,0.003,0.12,0.215,0.006,0,0,0,0,0,0,0,0,0,0,220,493.15
488,T10,0.96,0.32,0.55,0,0,0,0.11,0,0,0.08,0,0,0,0,0,0,0,0,0,190,463.15
489,T10,0.98,0.29,0.39,0.012,0.026,0.003,0.12,0.215,0.006,0,0,0,0,0,0,0,0,0,0,200,473.15
491,T10,1,0.16,0.3,0,0,0,0,0,0,0,0,0,0,0,0,0,0,0,0,220,493.15
492,T10,1.03,0.17,0.22,0,0,0,0.07,0,0,0.1,0,0,0,0,0,0,0,0,0,175,448.15
496,T11,1.1,0.5,0.3,0,0,0,0.25,0,0,0,0,0,0,0,0,0,0,0,0,170,443.15
497,T11,1.13,0,0.3,0,0,0,0,0,0,0,0,0,0,0,0,0,0,0,0,185,458.15
498,T11,1.14,0.16,0.22,0,0,0,0,0,0,0,0,0,0,0,0,0,0,0,0,200,473.15
499,T12,1.17,0.18,0.36,0,0,0,0.26,0,0,0,0,0,0,0,0,0,0,0,0,200,473.15
500,T12,1.17,0.23,0.17,0,0,0,0,0,0,0,0,0,0,0,0,0,0,0,0,210,483.15
501,T13,1.29,0.27,0.2,0,0,0,0.04,0,0,0.09,0,0,0,0,0,0,0,0,0,190,463.15
503,T13,1.26,0.03,0.25,0,0,0,0,0,0,0,0,0,0,0,0,0,0,0,0,160,433.15
504,T16,1.6,0.27,0.4,0,0,0,0,0,0,0,0,0,0,0,0,0,0,0,0,90,363.15
505,T17,1.75,0.29,0.39,0.012,0.026,0.003,0.12,0.215,0.006,0,0,0,0,0,0,0,0,0,0,150,423.15
507,3CrAl,0.3,0.28,0.77,0,0,0.98,1.5,0,0,0,0,0,0,0,0,0,0,0,0,360,633.15
508,3Cr2W4V,0.35,0.3,0.3,0,0,0,2.45,0,0,0,4.45,0.6,0,0,0,0,0,0,0,355,628.15
509,3Cr2W4V,0.28,0.16,0.39,0,0,0,2.35,0,0,0,4.1,0.53,0,0,0,0,0,0,0,400,673.15
511,3Cr2W4V,0.36,0.66,0.45,0,0,0,2.46,0,0,0,4.59,0.73,0,0,0,0,0,0,0,360,633.15
512,3Cr2W8V,0.27,0.38,0.26,0,0,0,2.63,0,0,0,8.4,0.45,0,0,0,0,0,0,0,250,523.15
513,3Cr2W8V,0.28,0.11,0.36,0,0,0,2.57,0,0,0,8.88,0.36,0,0,0,0,0,0,0,420,693.15
515,3Cr2W8V,0.3,0.45,0.4,0,0,0,2.3,0,0,0,8.78,0.34,0,0,0,0,0,0,0,380,653.15
516,3Cr2W8V,0.34,0.31,0.38,0,0,0,2.86,0,0,0,8.12,0.17,0,0,0,0,0,0,0,330,603.15
517,4Cr9Si2,0.41,2.55,0.3,0.022,0.006,0,9.06,0,0,0.15,0,0,0,0,0,0,0,0,0,190,463.15
518,4CrNi4Si2Mo,0.38,1.94,0.51,0,0,0,0.83,0,0,3.48,0,0,0,0,0,0.7,0,0,0,260,533.15
519,4CrVMoW,0.39,0.58,0.45,0.018,0.003,0,1.45,0,0,0.13,0.55,0.7,0,0,0,0.47,0,0,0,350,623.15
520,4Cr2W3MoV,0.4,0,0,0,0,0,2.85,0,0,0.12,3.39,0.26,0,0,0,0.16,0,0,0,330,603.15
521,4Cr2Ni4W,0.46,0.24,0.5,0,0,0,1.53,0,0,3.96,0.59,0,0,0,0,0,0,0,0,235,508.15
523,4Cr3WMoV,0.44,0.7,0,0,0,0,3.2,0,0,0,0.8,0.75,0,0,0,0.5,0,0,0,350,623.15
524,4Cr5MoVSi,0.38,1.1,0,0,0,0,5,0,0,0,0,0.4,0,0,0,1.3,0,0,0,260,533.15
525,4Cr5MoVSi,0.37,1.05,0.5,0,0,0,5.1,0,0,0,0,0.53,0,0,0,1.4,0,0,0,310,583.15
526,4Cr5MoVSi,0.38,1,0,0,0,0,5.3,0,0,0,0,0.4,0,0,0,1.1,0,0,0,280,553.15
527,4Cr5MoVlSi,0.4,1.05,0.3,0,0,0,5,0,0,0,0,1.1,0,0,0,1.35,0,0,0,335,608.15
528,4Cr5MoVlSi,0.4,1,0,0,0,0,5.3,0,0,0,0,1,0,0,0,1.4,0,0,0,350,623.15
529,4Cr5W2VSi,0.37,1,0.4,0,0,0,5,0,0,0,2.1,0.9,0,0,0,0,0,0,0,275,548.15
530,4CrW2Si,0.4,0.72,0.27,0,0,0,1.2,0,0,0.17,1.85,0,0,0,0,0,0,0,0,315,588.15
532,4CrW2Si,0.44,0.79,0.6,0,0,0,1.23,0,0,0,1.94,0,0,0,0,0,0,0,0,335,608.15
533,5CrW2Si,0.52,0.8,0.33,0,0,0,1.17,0,0,0.16,2.25,0,0,0,0,0,0,0,0,295,568.15
535,5W2CrSiV,0.55,0.94,0.34,0.015,0.012,0,1.27,0,0,0.12,2.1,0.18,0,0,0,0.05,0,0,0,305,578.15
537,5CrNiMo,0.54,0.28,0,0,0,0,0.77,0,0,1.75,0,0.06,0,0,0,0.34,0,0,0,240,513.15
538,5CrNiMo,0.55,0.34,0,0,0,0,1.03,0,0,1.71,0,0.06,0,0,0,0.52,0,0,0,240,513.15
539,5CrNiW,0.56,0.23,0.59,0,0,0,0.6,0,0,1.6,0.78,0,0,0,0,0,0,0,0,260,533.15
541,5CrNiW,0.59,0.38,0.45,0,0,0,1.28,0,0,1.1,0.5,0,0,0,0,0,0,0,0,205,478.15
542,5CrNiWSi,0.57,0.9,0.46,0,0,0,1.34,0,0,1.16,0.47,0,0,0,0,0,0,0,0,250,523.15
543,5CrNi2MnMoV,0.52,0.29,0.7,0.01,0.01,0,1.09,0,0,1.72,0,0.14,0,0,0,0.43,0,0,0,280,553.15
545,5CrMnMo,0.53,0.38,1.53,0,0,0,0.76,0,0,0.3,0,0,0,0,0,0.17,0,0,0,250,523.15
546,5CrMnMo,0.53,0.3,0.66,0.018,0.011,0.049,0.56,0.18,0.02,0.15,0,0,0,0.0004,0,0.44,0,0,0,320,593.15
547,5CrMnMo,0.57,0.3,0.66,0.018,0.011,0.043,0.56,0.18,0.02,0.15,0,0,0,0.0004,0,0.44,0,0,0,310,583.15
548,5CrMnMo,0.59,0.41,1.42,0,0,0,0.85,0,0,0.1,0,0,0,0,0,0.16,0,0,0,225,498.15
549,5SiMnMoV,0.54,1.76,0.65,0.013,0.008,0,0.32,0,0,0.06,0,0.27,0,0,0,0.39,0,0,0,280,553.15
550,5W3CrV,0.5,0,0,0,0,0,1.25,0,0,0,2.75,0.25,0,0,0,0,0,0,0,310,583.15
551,5Cr4W5Mo2V,0.5,0.275,0.4,0,0,0,4,0,0,0,5,1,0,0,0,2,0,0,0,250,523.15
552,6CrW2Si,0.58,0.55,0.32,0,0,0,1.27,0,0,0.23,2.25,0,0,0,0,0,0,0,0,270,543.15
554,6CrNiMo,0.62,0.67,0.64,0,0,0,0.6,0,0,1.79,0,0,0,0,0,0.32,0,0,0,230,503.15
555,6CrNiMo,0.64,0.28,0.93,0,0,0,1.01,0,0,1.64,0,0,0,0,0,0.24,0,0,0,230,503.15
556,6Cr2Ni3,0.6,0.24,0.37,0,0,0,2.14,0,0,3.22,0,0,0,0,0,0.07,0,0,0,190,463.15
557,6W6Mo5Cr4V,0.59,0.16,0.15,0,0,0,4.08,0,0,0,6.26,0.94,0,0,0,5.1,0,0,0,240,513.15
558,6Cr4Mo3Ni2WV,0.56,0.2,0.39,0,0,0,4.04,0,0,2.16,1.2,1.05,0,0,0,3.02,0,0,0,180,453.15
559,7MnSi2,0.73,1.62,0.73,0.019,0.012,0,0.1,0.19,0,0.12,0,0.01,0,0,0,0,0,0,0,220,493.15
561,7CrMn3WV,0.73,0,3.1,0,0,0,1.4,0,0,0,0.6,0.15,0,0,0,0,0,0,0,160,433.15
562,7Cr4W3Mo2VNb,0.66,0.19,0.15,0,0,0,4.8,0,0,0,3.02,1.1,0,0,0,1.87,0,0,0.26,220,493.15
563,7W7Cr4MoV,0.63,0.08,0.23,0,0,0,4.68,0,0,0,6.76,0.51,0,0,0,0.39,0,0,0,184,457.15
564,8V,0.87,0,0.3,0,0,0,0,0,0,0,0,0.27,0,0,0,0,0,0,0,225,498.15
565,8CrV,0.83,0.26,0.4,0,0,0,0.63,0,0,0.25,0,0.17,0,0,0,0,0,0,0,215,488.15
566,8CrV,0.86,0.34,0.36,0,0,0,1.62,0,0,0.58,0,0.17,0,0,0,0,0,0,0,215,488.15
567,8CrV,0.87,0,0,0,0,0,1.63,0,0,0,0,0.18,0,0,0,0,0,0,0,185,458.15
568,8Mn2B,0.8,0,2.04,0,0,0,0,0,0,0,0,0,0,0.0015,0,0,0,0,0,160,433.15
569,9Cr2,0.89,0.32,0.3,0,0,0,2,0,0,0.13,0,0,0,0,0,0,0,0,0,270,543.15
570,9Cr2,0.97,0.32,0.28,0,0,0,1.85,0,0,0,0,0,0,0,0,0,0,0,0,150,423.15
571,9Mn2,0.98,0.08,1.84,0.023,0.011,0,0,0,0,0,0,0,0,0,0,0,0,0,0,130,403.15
573,9Mn2V,0.94,0.25,1.86,0,0,0,0,0,0,0,0,0.16,0,0,0,0,0,0,0,230,503.15
574,9Mn2V,0.98,0.26,1.68,0,0,0,0,0,0,0,0,0.19,0,0,0,0,0,0,0,210,483.15
575,9CrMo,0.88,0.3,0.66,0.018,0.011,0.049,0.56,0.18,0.02,0.15,0,0,0,0.0005,0,0.44,0,0,0,170,443.15
577,9Cr2Mo,0.89,0.49,0.3,0,0,0,1.53,0,0,0,0,0,0,0,0,0.33,0,0,0,190,463.15
578,9SiCr,0.9,1.4,0.45,0,0,0,1.1,0,0,0,0,0,0,0,0,0,0,0,0,155,428.15
579,9CrWMn,0.86,0.26,1.18,0,0,0,0.5,0,0,0,0.44,0,0,0,0,0,0,0,0,205,478.15
580,9CrWMn,0.9,0,1.3,0,0,0,0.5,0,0,0,0.5,0,0,0,0,0,0,0,0,200,473.15
581,9CrWMn,0.9,0.3,0.9,0,0,0,0.99,0,0,0,1.4,0,0,0,0,0,0,0,0,210,483.15
582,9CrWMn,0.93,0.23,1.17,0,0,0,0.54,0,0,0,0.77,0.14,0,0,0,0,0,0,0,205,478.15
585,V,0.95,0,0,0,0,0,0,0,0,0,0,0.2,0,0,0,0,0,0,0,200,473.15
586,V,1,0.25,0.2,0,0,0,0,0,0,0,0,0.25,0,0,0,0,0,0,0,200,473.15
587,Cr,0.98,0.35,0.4,0,0,0,1.43,0,0,0,0,0,0,0,0,0,0,0,0,200,473.15
588,Cr,1.01,0.31,0.27,0.011,0.011,0,1.25,0,0,0,0,0,0,0,0,0,0,0,0,225,498.15
589,Cr2,1,0.3,0.34,0,0,0,1.54,0,0,0,0,0,0,0,0,0,0,0,0,250,523.15
590,Cr4,1.04,0.35,0.18,0.008,0.008,0,4,0,0,0,0,0,0,0,0,0,0,0,0,50,323.15
591,Cr5,1,0,0,0,0,0,5,0,0,0,0,0,0,0,0,0,0,0,0,150,423.15
592,Cr12,1.58,0.25,0.31,0,0,0,13.3,0,0,0.14,0,0,0,0,0,0,0,0,0,270,543.15
594,Cr12,1.34,0.41,0.28,0,0,0,12.18,0,0,0.21,0,0,0,0,0,0,0,0,0,175,448.15
595,Cr12,2.02,0.52,0.39,0,0,0,12.39,0,0,0,0,0,0,0,0,0,0,0,0,180,453.15
596,Cr12,2.07,0.32,0.42,0,0,0,13.4,0,0,0.17,0,0,0,0,0,0,0,0,0,210,483.15
598,Cr12,2.08,0.28,0.39,0,0,0,11.48,0,0,0.31,0,0,0,0,0,0.02,0,0,0,184,457.15
602,Cr12W,2.19,0.26,0.32,0,0,0,11.75,0,0,0,0.84,0,0,0,0,0.12,0,0,0,180,453.15
604,Cr12Mo,1.6,0,0.5,0,0,0,12,0,0,0,0,0,0,0,0,0,0,0,0,225,498.15
605,Cr12V,1.3,0.35,0.32,0,0,0,11.75,0,0,0,0,0.8,0,0,0,0,0,0,0,180,453.15
606,Cr12MoV,1.55,0.45,0.27,0,0,0,11.34,0,0,0,0,0.24,0,0,0,0.53,0,0,0,230,503.15
607,Cr12MoV,1.56,0,0,0,0,0,12.46,0,0,0.26,0.28,0.65,0,0,0,0.54,0,0,0,185,458.15
608,Cr12MoV,2.25,0,0,0,0,0,11.5,0,0,0,0,0.2,0,0,0,0.8,0,0,0,150,423.15
609,Cr12MoW,1.78,0,0,0,0,0,11.7,0,0,0.35,0.63,0.09,0,0,0,0.61,0,0,0,255,528.15
610,CrMn,1,0.22,1.12,0.03,0.008,0.015,0.99,0.22,0,0.12,0,0,0,0,0,0.02,0,0,0,220,493.15
612,CrMn,1.2,0.22,1.12,0.03,0.008,0.015,0.99,0.22,0,0.12,0,0,0,0,0,0.02,0,0,0,170,443.15
614,CrMn,1.4,0.27,0.56,0,0,0,1.49,0,0,0,0,0,0,0,0,0,0,0,0,245,518.15
615,CrMo,1,0.3,0.66,0.018,0.011,0.049,0.56,0.18,0.02,0.15,0,0,0,0.0004,0,0.44,0,0,0,150,423.15
617,CrW,1.18,0.11,0.34,0,0,0,0.41,0,0,0,1.61,0,0,0,0,0,0,0,0,150,423.15
618,CrW4,1.3,0.5,0.28,0,0,0,0.5,0,0,0,3.5,0,0,0,0,0,0,0,0,150,423.15
619,CrW4,1.38,0.31,0.44,0,0,0,0.67,0,0,0,4.31,0,0,0,0,0,0,0,0,100,373.15
620,CrWMn,1.03,0.19,0.98,0,0,0,1.03,0,0,0,1.68,0,0,0,0,0,0,0,0,210,483.15
621,CrWMn,1.03,0.28,0.97,0,0,0,1.05,0,0,0.13,1.15,0,0,0,0,0,0,0,0,245,518.15
625,CrMn2SiWMoV,1,0.55,2.25,0,0,0,1.15,0,0,0,0.9,0.3,0,0,0,0.95,0,0,0,120,393.15
626,Cr2Mn2SiWMoV,1,0.75,2.05,0,0,0,2.45,0,0,0,0.9,0.15,0,0,0,0.65,0,0,0,190,463.15
627,CrMn3SiWMoV,1,0.75,2.45,0,0,0,1.15,0,0,0,0.9,0.15,0,0,0,0.65,0,0,0,185,458.15
628,Cr4W2MoV,1.18,0.6,0.28,0.019,0.009,0,3.81,0,0,0.07,2.32,0.94,0,0,0,1.1,0,0,0,142,415.15
629,Cr4W2MoV,1.18,0.68,0.26,0.024,0.01,0,3.75,0,0,0.08,2.22,0.91,0,0,0,0.99,0,0,0,108,381.15
630,Cr6WV,1.075,0.32,0.43,0,0,0,6.25,0,0,0.32,1.3,0.6,0,0,0,0,0,0,0,100,373.15
631,SiMnWVNb,0.92,0.61,1.15,0.02,0.02,0,0,0,0,0,0.98,0.34,0,0,0,0,0,0,0.09,130,403.15
632,W3,1.32,0.5,0.28,0,0,0,0.22,0,0,0,3.51,0,0,0,0,0,0,0,0,160,433.15
633,MnSi,0.97,0.96,0.72,0,0,0,0,0,0,0,0,0.01,0,0,0,0,0,0,0,250,523.15
634,MnMo,1.18,0.028,0.75,0.011,0.029,0,0,0,0,0,0,0,0,0,0,0.78,0,0,0,130,403.15
636,MnCrWVSi,1,0.85,0.75,0,0,0,0.85,0,0,0,0.85,0.1,0,0,0,0,0,0,0,150,423.15
637,W9Cr4V2,0.9,0.3,0.3,0,0,0,4.1,0,0,0,9.25,2.3,0,0,0,0.25,0,0,0,200,473.15
639,W18Cr4V,0.72,0.39,0.27,0,0,0,4.09,0,0,0,18.59,1.25,0,0,0,0,0,0,0,190,463.15
640,W18Cr4V,0.73,0.33,0,0,0,0,4.39,0,0,0,17.8,1.09,0,0,0,0.18,0,0,0,220,493.15
641,W18Cr4V,0.81,0.23,0.17,0,0,0,4.23,0,0,0,17.6,1.08,0,0,0,0,0,0,0,220,493.15
642,W18Cr4V,0.83,0.18,0.3,0,0,0,4.4,0,0,0,18.3,1.26,0,0,0,0,0,0,0,180,453.15
643,W18Cr4VMo,0.81,0.15,0,0,0,0,3.77,0,0,0,18.25,1.07,0,0,0,0.44,0,0,0,160,433.15
645,W6Mo5Cr4V,0.83,0.25,0,0,0,0,3.89,0,0,0,5.79,1.3,0,0,0,4.3,0,0,0,180,453.15
646,W6Mo5Cr4V2,0.81,0.26,0.24,0,0,0,4.1,0,0,0,5.95,1.64,0,0,0,4.69,0,0,0,225,498.15
647,W6Mo5Cr4V2,0.83,0.3,0,0,0,0,4.15,0,0,0,6.4,1.9,0,0,0,5,0,0,0,180,453.15
648,W6Mo5Cr4V2,0.85,0,0,0,0,0,4.15,0,0,0.18,6.34,2.01,0,0,0,4.79,0,0,0,140,413.15
650,W6Mo5Cr4V5SiNbAl,1.56,1.4,0.27,0,0,0.4,4.29,0,0,0,6.21,4.98,0,0,0,5.59,0,0,0.31,160,433.15
651,W18Cr4V3SiAlNb,1.56,1.4,0.27,0.026,0.002,1.19,4.14,0,0,0,18.51,3.38,0,0,0,0,0,0,0.18,160,433.15
652,W7Mo4Cr4VCo5,1.1,0,0,0,0,0,4.25,0,0,0,6.75,2,0,0,5,3.75,0,0,0,110,383.15
