图号,钢号,C,Si,Mn,Cr,Ni,Mo,W,V,S,P,Cu,Al,Ti,B,Co,Nb,N,Ms/°C,Ms (K)
 IV-1-1,8,0.06,0,0.43,0,0,0,0,0,0,0,0,0,0,0,0,0,0,480,753.15
 IV-1-2,30,0.3,0.46,0,0,0,0,0,0,0,0,0,0,0,0,0,0,0,340,613.15
 IV-1-3,35,0.35,0,0.37,0,0,0,0,0,0,0,0,0,0,0,0,0,0,350,623.15
 IV-1-4,35,0.36,0.27,0.66,0.21,0.2,0.02,0,0,0,0,0.22,0,0,0,0,0,0,360,633.15
 IV-1-5,35,0.36,0.27,0.66,0.21,0.2,0.02,0,0,0,0,0.22,0,0,0,0,0,0,360,633.15
 IV-1-6,45,0.44,0.22,0.66,0.15,0,0,0,0.02,0,0,0,0,0,0,0,0,0,350,623.15
 IV-1-7,45,0.44,0.22,0.66,0.15,0,0,0,0.02,0,0,0,0,0,0,0,0,0,350,623.15
 IV-1-8,45,0.45,0.27,0.52,0.05,0.12,0.01,0,0,0,0,0.19,0,0,0,0,0,0,345,618.15
 IV-1-9,50,0.5,0.53,0.23,0,0,0,0,0,0,0,0,0,0,0,0,0,0,320,593.15
 IV-1-10,50,0.53,0.23,0.32,0,0,0,0,0,0,0,0,0,0,0,0,0,0,290,563.15
 IV-1-11,55,0.54,0,0.46,0,0,0,0,0,0,0,0,0,0,0,0,0,0,290,563.15
 IV-1-12,55,0.55,0,0,0,0,0,0,0,0,0,0,0,0,0,0,0,0,320,593.15
 IV-1-13,60,0.59,0.25,0.7,0,0,0,0,0,0,0,0,0,0,0,0,0,0,507.7,780.85
 IV-1-14,65,0.64,0.22,0.68,0,0,0,0,0,0,0,0,0,0,0,0,0,0,285,558.15
 IV-1-15,65,0.64,0.22,0.34,0,0,0,0,0,0,0,0,0,0,0,0,0,0,300,573.15
 IV-1-16,15Mn,0.17,0,0.92,0,0,0,0,0,0,0,0,0,0,0,0,0,0,450,723.15
 IV-1-17,30Mn,0.33,0.3,1.12,0.11,0.24,0.04,0,0,0,0,0.19,0,0,0,0,0,0,355,628.15
 IV-1-18,30Mn,0.33,0.3,1.12,0.11,0.24,0.04,0,0,0,0,0.19,0,0,0,0,0,0,355,628.15
 IV-1-19,30Mn,0.28,0.3,1.21,0,0,0,0,0,0,0,0,0,0,0,0,0,0,375,648.15
 IV-1-20,50Mn,0.5,0,0.91,0,0,0,0,0,0,0,0,0,0,0,0,0,0,320,593.15
 IV-1-21,60Mn,0.63,0,0.87,0,0,0,0,0,0,0,0,0,0,0,0,0,0,260,533.15
 IV-1-22,65Mn,0.63,0,0.87,0,0,0,0,0,0,0,0,0,0,0,0,0,0,270,543.15
 IV-1-23,65Mn,0.64,0.1,1.13,0,0,0,0,0,0,0,0,0,0,0,0,0,0,270,543.15
 IV-1-24,20Mn2,0.2,0,1.88,0,0,0,0,0,0,0,0,0,0,0,0,0,0,390,663.15
 IV-1-25,30Mn2,0.29,0.26,1.67,0.12,0.21,0.04,0,0,0,0,0.11,0,0,0,0,0,0,380,653.15
 IV-1-26,30Mn2,0.33,0.23,1.54,0.15,0.18,0.05,0,0,0,0,0,0,0,0,0,0,0,340,613.15
 IV-1-27,30Mn2,0.35,0,1.85,0,0,0,0,0,0,0,0,0,0,0,0,0,0,325,598.15
 IV-1-28,40Mn2,0.4,0.4,2.06,0.11,0.05,0,0,0,0,0,0,0,0,0,0,0,0,300,573.15
 IV-1-29,45Mn2,0.43,0,1.58,0,0,0,0,0,0,0,0,0,0,0,0,0,0,330,603.15
 IV-1-30,45Mn2,0.48,0.28,1.98,0,0,0,0,0,0,0,0,0,0,0,0,0,0,290,563.15
 IV-1-31,45Mn2,0.47,0.36,1.37,0.15,0,0,0,0,0,0,0,0,0,0,0,0,0,300,573.15
 IV-1-32,45Mn2,0.48,0.28,1.98,0,0,0,0,0,0,0,0.19,0,0,0,0,0,0,290,563.15
 IV-1-33,20Cr,0.2,0.3,0.72,0.79,0.27,0.02,0,0,0,0,0.17,0,0,0,0,0,0,390,663.15
 IV-1-34,30Cr,0.32,0.3,0.75,1.08,0.26,0.02,0,0,0,0,0.17,0,0,0,0,0,0,350,623.15
 IV-1-35,30Cr,0.3,0.25,0.5,1.28,0.09,0,0,0.05,0,0,0,0,0,0,0,0,0,360,633.15
 IV-1-36,35Cr,0.35,0.23,0.65,1.11,0.23,0.05,0,0,0,0,0.18,0,0,0,0,0,0,360,633.15
 IV-1-37,35Cr,0.35,0.23,0.65,1.11,0.23,0.05,0,0,0,0,0.18,0,0,0,0,0,0,360,633.15
 IV-1-38,35Cr,0.36,0.25,0.49,1.54,0.21,0.03,0,0,0,0,0.16,0,0,0,0,0,0,340,613.15
 IV-1-39,35Cr,0.36,0.25,0.49,1.54,0.21,0.03,0,0,0,0,0.16,0,0,0,0,0,0,340,613.15
 IV-1-40,40Cr,0.38,0.26,0.74,0.9,0.26,0.04,0,0,0,0,0.17,0,0,0,0,0,0,325,598.15
 IV-1-41,40Cr,0.42,0.16,0.68,0.93,0.07,0,0,0,0,0,0,0,0,0,0,0,0,330,603.15
 IV-1-42,45Cr,0.44,0.22,0.8,1.04,0.26,0.04,0,0,0,0,0.17,0,0,0,0,0,0,355,628.15
 IV-1-43,45Cr,0.44,0.22,0.8,1.04,0.26,0.04,0,0,0,0,0.17,0,0,0,0,0,0,355,628.15
 IV-1-44,45Cr,0.44,0,0.74,1.04,0,0,0,0,0,0,0,0,0,0,0,0,0,310,583.15
 IV-1-45,50Cr,0.48,0.28,0.86,0.98,0.48,0.04,0,0,0,0,0,0,0,0,0,0,0,292.8,565.95
 IV-1-46,50Cr,0.59,0.34,0.66,0.65,0.47,0.02,0,0,0,0,0,0,0,0,0,0,0,280,553.15
 IV-1-47,45Cr3,0.43,0.14,0.04,3.52,0,0,0,0,0,0,0,0.14,0,0,0,0,0,330,603.15
 IV-1-48,30Ni,0.33,0.21,0.62,0,0.89,0.05,0,0,0,0,0,0,0,0,0,0,0,365,638.15
 IV-1-49,40Ni,0.39,0.2,0.86,0.13,1.12,0.05,0,0,0,0,0,0,0,0,0,0,0,330,603.15
 IV-1-50,40Ni,0.43,0.21,0.95,0.15,0.93,0,0,0,0,0,0,0,0,0,0,0,0,315,588.15
 IV-1-51,50Ni,0.48,0,0.59,0,1.08,0,0,0,0,0,0,0,0,0,0,0,0,320,593.15
 IV-1-52,60Ni,0.61,0,0.27,0,0.99,0,0,0,0,0,0,0,0,0,0,0,0,290,563.15
 IV-1-53,10Ni12,0.08,0.16,0.29,0,2.06,0.02,0,0,0,0,0,0,0,0,0,0,0,425,698.15
 IV-1-54,60Ni12,0.56,0,0.26,0,1.97,0,0,0,0,0,0,0,0,0,0,0,0,290,563.15
 IV-1-55,12Ni3,0.11,0.21,0.36,0.28,2.89,0.09,0,0,0,0,0,0,0,0,0,0,0,425,698.15
 IV-1-56,12Ni3,0.11,0.21,0.36,0.28,2.89,0.09,0,0,0,0,0,0,0,0,0,0,0,440,713.15
 IV-1-57,12Ni3,0.95,0.25,0.4,0.36,2.95,0.08,0,0,0,0,0,0,0,0,0,0,0,120,393.15
 IV-1-58,12Ni3,0.95,0.25,0.4,0.36,2.95,0.08,0,0,0,0,0,0,0,0,0,0,0,120,393.15
 IV-1-59,25Ni3,0.3,0.32,0.51,0.07,3.03,0,0,0,0,0,0,0.03,0,0,0,0,0,340,613.15
 IV-1-60,30Ni3,0.33,0.23,0.74,0.07,3.47,0,0,0,0,0,0,0,0,0,0,0,0,310,583.15
 IV-1-61,40Ni3,0.37,0,0.68,0,3.41,0,0,0,0,0,0,0,0,0,0,0,0,290,563.15
 IV-1-62,40Ni3,0.37,0,0,0,3.4,0,0,0,0,0,0,0,0,0,0,0,0,310,583.15
 IV-1-63,40Ni3,0.4,0.31,0.89,0.11,3.34,0,0,0,0,0,0,0,0,0,0,0,0,280,553.15
 IV-1-64,60Ni4,0.59,0,0.25,0,3.9,0,0,0,0,0,0,0,0,0,0,0,0,260,533.15
 IV-1-65,10Ni6,0.1,0,0.52,0,5,0,0,0,0,0,0,0,0,0,0,0,0,420,693.15
 IV-1-66,10Ni6,0.4,0,0.52,0,5,0,0,0,0,0,0,0,0,0,0,0,0,290,563.15
 IV-1-67,13Ni5,0.14,0,0,0,5.24,0,0,0,0,0,0,0,0,0,0,0,0,350,623.15
 IV-1-68,40Ni5,0.43,0.24,0.43,0.04,5,0,0,0,0,0,0,0,0,0,0,0,0,260,533.15
 IV-1-69,50Ni5,0.5,0,0,0,4.97,0,0,0,0,0,0,0,0,0,0,0,0,240,513.15
 IV-1-71,12Ni9,0.1,0.28,0.77,0,8.59,0,0,0,0,0,0,0,0,0,0,0,0,345,618.15
 IV-1-73,20Mo,0.22,0,0.79,0,0,0.5,0,0,0,0,0,0,0,0,0,0,0,410,683.15
 IV-1-74,30Mo,0.3,0.22,0.64,1.01,0.11,0.24,0,0,0.012,0.011,0.19,0,0,0,0,0,0,375,648.15
 IV-1-75,35Mo,0.36,0.78,0.13,0.18,0.17,1.06,0,0,0,0,0,0,0,0,0,0,0,370,643.15
 IV-1-76,37Mo,0.36,0,0.17,0,0,0.82,0,0,0,0,0,0,0,0,0,0,0,380,653.15
 IV-1-77,37Mo,0.35,0,0.8,0,0,0.25,0,0,0,0,0,0,0,0,0,0,0,360,633.15
 IV-1-78,40Mo,0.39,0,0.57,0,0,0.49,0,0,0,0,0,0,0,0,0,0,0,268,541.15
 IV-1-80,41Mo,0.41,0,0.69,0,0,0.29,0,0,0,0,0,0,0,0,0,0,0,380,653.15
 IV-1-81,40Mo,0.42,0,0.2,0,0,0.21,0,0,0,0,0,0,0,0,0,0,0,370,643.15
 IV-1-82,40Mo,0.42,0,0.55,0,0,0.71,0,0,0,0,0,0,0,0,0,0,0,293,566.15
 IV-1-83,40Mo,0.44,0,0.65,0,0,0.15,0,0,0,0,0,0,0,0,0,0,0,380,653.15
 IV-1-84,50Mo,0.54,0.31,0.21,0,0,0.54,0,0,0,0,0,0,0,0,0,0,0,340,613.15
 IV-1-85,50Mo,0.54,0.27,0.34,0,0,0.82,0,0,0,0,0,0,0,0,0,0,0,330,603.15
 IV-1-87,30Mo2,0.33,0,0.41,0,0,1.96,0,0,0,0,0,0,0,0,0,0,0,370,643.15
 IV-1-88,45Mo2,0.45,0.19,0.47,0.31,0.32,2.42,0,0,0,0,0,0,0,0,0,0,0,320,593.15
 IV-1-89,40Mo3,0.41,0.26,0.12,0.14,0.17,3.18,0,0,0,0,0,0,0,0,0,0,0,310,583.15
 IV-1-90,45Mo5,0.45,0.134,0.12,0.14,0.15,6.44,0,0,0,0,0,0,0,0,0,0,0,270,543.15
 IV-1-91,35W,0.34,0.33,0.13,0.14,0.16,0,0.88,0,0,0,0,0,0,0,0,0,0,375,648.15
 IV-1-92,50W,0.49,0,0,0,0,0,0.45,0,0,0,0,0,0,0,0,0,0,354.5,627.65
 IV-1-93,45W3,0.45,0.37,0.16,0.14,0.16,0,2.77,0,0,0,0,0,0,0,0,0,0,335,608.15
 IV-1-94,45W5,0.45,0.34,0.16,0.18,0.16,0,4.41,0,0,0,0,0,0,0,0,0,0,350.6,623.75
 IV-1-95,30Ti,0.29,0.1,0.6,0.16,0,0,0,0,0,0,0,0,0.07,0,0,0,0,320,593.15
 IV-1-96,50V,0.52,0,0,0,0,0,0,0.24,0,0,0,0,0,0,0,0,0,360,633.15
 IV-1-97,50Al,0.5,0,0,0,0,0,0,0,0,0,0,1.06,0,0,0,0,0,360,633.15
 IV-1-98,35Cu,0.36,0.22,0.58,0.08,0.25,0,0,0,0,0,0.5,0,0,0,0,0,0,360,633.15
 IV-1-99,50Cu,0.48,0,0.57,0,0,0,0,0,0,0,0.46,0,0,0,0,0,0,340,613.15
 IV-1-100,50Cu,0.53,0.35,0.7,0.09,0.24,0.1,0,0.03,0,0,0.52,0,0,0,0,0,0,310,583.15
 IV-1-101,50Cu1,0.49,0.2,0.57,0.02,0.06,0,0,0,0,0,0.07,0,0,0,0,0,0,330,603.15
 IV-1-102,50Cu1,0.49,0.2,0.54,0.02,0.06,0,0,0,0,0,1.49,0,0,0,0,0,0,310,583.15
 IV-1-103,50Cu2,0.49,0,0.54,0,0,0,0,0,0,0,1.49,0,0,0,0,0,0,320,593.15
 IV-1-104,27SiMn,0.25,1.3,1.33,0,0.12,0,0,0,0,0,0,0,0,0,0,0,0,355,628.15
 IV-1-105,35SiMn,0.38,1.05,1.14,0.23,0,0,0,0.02,0,0,0,0,0,0,0,0,0,330,603.15
 IV-1-106,35SiMn,0.38,1.06,1.14,0.23,0,0,0,0.02,0,0,0,0,0,0,0,0,0,330,603.15
 IV-1-107,35SiMn,0.37,1.11,1.45,0.3,0.12,0,0,0,0,0,0,0,0,0,0,0,0,320,593.15
 IV-1-108,08SiMn2,0.07,0.8,1.45,0.16,0.12,0,0,0,0,0,0,0,0,0,0,0,0,300,573.15
 IV-1-109,08SiMn2,0.09,0.88,2,0.17,0.24,0,0,0,0,0,0,0,0,0,0,0,0,365,638.15
 IV-1-110,45SiMn2,0.45,1.34,1.5,0.02,0.03,0.1,0,0.04,0,0,0,0,0,0,0,0,0,290,563.15
 IV-1-111,20MnMo,0.24,0.47,0.94,0.34,0.3,0.14,0,0,0,0,0,0,0,0,0,0,0,380,653.15
 IV-1-112,30MoMO,0.33,0.18,1.48,0.16,0.26,0.27,0,0,0,0,0,0,0,0,0,0,0,340,613.15
 IV-1-113,38MnMo,0.38,0.25,1.49,0.2,0.41,0,0,0,0,0,0,0,0,0,0,0,0,320,593.15
 IV-1-114,45MnMo,0.43,0.23,0.9,0.27,0.23,0.26,0,0,0,0,0,0,0,0,0,0,0,320,593.15
 IV-1-115,50MnMo,0.52,0.3,1.18,0.13,0.16,0.3,0,0,0,0,0,0,0,0,0,0,0,290,563.15
 IV-1-116,30Mn2Mo,0.3,0.49,1.63,0.44,0,0.33,0,0,0,0,0,0,0,0,0,0,0,350,623.15
 IV-1-117,35Mn2Mo,0.33,0.18,1.48,0.16,0.26,0.27,0,0,0,0,0.14,0,0,0,0,0,0,340,613.15
 IV-1-118,35Mn2V,0.35,0.28,1.65,0.27,0.2,0,0,0.15,0,0,0,0,0,0,0,0,0,320,593.15
 IV-1-119,40Mn2V,0.43,0.28,1.67,0.32,0.11,0.33,0,0.1,0,0,0,0,0,0,0,0,0,310,583.15
 IV-1-120,38CrSi,0.36,1.19,0.45,1.65,0,0,0,0,0,0,0,0,0,0,0,0,0,330,603.15
 IV-1-121,38CrSi,0.42,1.01,0.38,1.5,0.25,0,0,0,0,0,0,0,0,0,0,0,0,315,588.15
 IV-1-122,40CrSi,0.4,1.52,0.42,1.24,0,0,0,0.12,0,0,0,0,0,0,0,0,0,325,598.15
 IV-1-123,20CrMn,0.16,0.22,1.12,0.99,0.12,0,0,0,0,0,0,0.01,0,0,0,0,0,400,673.15
 IV-1-124,20CrMn,0.16,0.22,1.12,0.99,0.12,0.02,0,0,0,0,0,0.01,0,0,0,0,0,400,673.15
 IV-1-125,20CrMn,0.23,0.37,1.13,1.17,0,0,0,0,0,0,0,0,0,0,0,0,0,360,633.15
 IV-1-126,20CrMn,0.95,0.37,1.13,1.17,0,0,0,0,0,0,0,0,0,0,0,0,0,130,403.15
 IV-1-127,40CrMn,0.41,0.27,0.9,1.04,0.04,0,0,0,0,0,0,0,0,0,0,0,0,350,623.15
 IV-1-128,50CrMn,0.48,0.25,0.86,0.98,0.18,0.04,0,0,0,0,0,0,0,0,0,0,0,300,573.15
 IV-1-129,35CrMn2,0.39,0.56,1.44,0.63,0.06,0.01,0,0,0,0,0,0,0,0,0,0,0,300,573.15
 IV-1-130,50CrMn2,0.48,0.59,1.3,0.54,0.06,0.01,0,0,0,0,0,0,0,0,0,0,0,290,563.15
 IV-1-131,20CrMo,0.18,0.21,0.62,0.81,0,0.27,0,0,0,0,0,0,0,0,0,0,0,380,653.15
 IV-1-132,20CrMo,1.08,0.21,0.62,0.81,0,0.27,0,0,0,0,0,0,0,0,0,0,0,100,373.15
 IV-1-133,20CrMo,0.17,0.23,0.8,1.06,0.21,0.24,0,0,0,0,0.18,0,0,0,0,0,0,385,658.15
 IV-1-134,20CrMo,0.22,0.24,0.61,1,0.14,0.18,0,0,0,0,0,0,0,0,0,0,0,385,658.15
 IV-1-135,20CrMo,0.22,0.25,0.64,0.97,0.33,0.23,0,0,0,0,0.16,0,0,0,0,0,0,400,673.15
 IV-1-136,20CrMo,0.22,0.25,0.64,0.97,0.33,0.23,0,0,0,0,0.16,0,0,0,0,0,0,400,673.15
 IV-1-137,25CrMo,0.25,0.22,0.62,1.06,0.12,0.24,0.06,0.03,0,0,0.1,0,0,0,0,0,0,365,638.15
 IV-1-138,25CrMo,0.25,0.21,0.68,1.1,0.19,0.22,0,0,0,0,0.16,0,0,0,0,0,0,365,638.15
 IV-1-139,28CrMo,0.27,0.13,0.6,0.74,0.19,0.55,0,0,0,0,0,0,0,0,0,0,0,390,663.15
 IV-1-142,35CrMo,0.35,0,0,1.15,0,0.25,0,0,0,0,0,0,0,0,0,0,0,330,603.15
 IV-1-143,35CrMo,0.37,0.3,0.79,1,0.17,0.18,0,0,0,0,0.1,0,0,0,0,0,0,325,598.15
 IV-1-144,35CrMo,0.37,0.15,0.77,0.98,0.04,0.21,0,0,0,0,0,0,0,0,0,0,0,340,613.15
 IV-1-145,35CrMo,0.38,0.23,0.64,0.9,0.08,0.16,0,0,0,0,0.17,0,0,0,0,0,0,370,643.15
 IV-1-146,35CrMo,0.38,0.23,0.64,0.9,0.08,0.16,0,0,0,0,0.17,0,0,0,0,0,0,370,643.15
 IV-1-147,38CrMo,0.41,0.28,0.58,1.39,1.15,0.74,0,0,0,0,0,0,0,0,0,0,0,320,593.15
 IV-1-148,40CrMo,0.41,0.28,0.58,1.39,0.45,0.54,0,0,0,0,0,0,0,0,0,0,0,320,593.15
 IV-1-149,45CrMo,0.41,0.23,0.67,1.01,0.2,0.23,0,0,0,0,0,0,0,0,0,0,0,310,583.15
 IV-1-150,45CrMo,0.44,0.22,0.6,1.19,0,0.37,0,0,0,0,0,0,0,0,0,0,0,320,593.15
 IV-1-151,50CrMo,0.5,0.32,0.8,1.04,0.11,0.24,0,0.01,0,0,0.17,0,0,0,0,0,0,290,563.15
 IV-1-152,50CrMo,0.5,0.32,0.8,1.04,0.11,0.24,0,0.01,0,0,0.17,0,0,0,0,0,0,290,563.15
 IV-1-153,50CrMo,0.52,0.4,0.6,1,0.17,0.22,0,0.05,0,0,0.38,0,0,0,0,0,0,290,563.15
 IV-1-154,50CrMo,0.55,0,0.6,1.03,0.36,0.19,0,0,0,0,0,0,0,0,0,0,0,275,548.15
 IV-1-155,50CrMo,0.55,0,0.6,1.03,0.36,0.19,0,0,0,0,0,0,0,0,0,0,0,275,548.15
 IV-1-156,12Cr2Mo,0.15,0.44,0.36,2.24,0.09,0.85,0,0,0,0,0.23,0,0,0,0,0,0,380,653.15
 IV-1-157,25Cr3Mo,0.26,0.21,0.55,3.34,0,0.54,0,0,0,0,0,0,0,0,0,0,0,360,633.15
 IV-1-158,30Cr3Mo,0.28,0.21,0.33,3.34,0.25,0.54,0,0,0,0,0,0,0,0,0,0,0,360,633.15
 IV-1-159,15CrV,0.15,0.48,0.67,1.2,0.25,0,0,0.31,0,0,0.18,0,0,0,0,0,0,435,708.15
 IV-1-160,30CrV,0.32,0.21,0.4,1.3,0.11,0.1,0,0.125,0,0,0.12,0,0,0,0,0,0,355,628.15
 IV-1-161,40CrV,0.38,0.21,0.41,1.29,0.03,0.1,0,0.125,0,0,0.05,0,0,0,0,0,0,340,613.15
 IV-1-162,40CrV,0.43,0.23,0.74,0.92,0,0,0,0.15,0,0,0,0,0,0,0,0,0,320,593.15
 IV-1-163,45CrV,0.45,0,0.74,0.92,0,0,0,0.18,0,0,0,0,0,0,0,0,0,330,603.15
 IV-1-164,45CrV,0.43,0.41,0.82,1.22,0.04,0,0,0.11,0,0,0.14,0,0,0,0,0,0,315,588.15
 IV-1-165,50CrV,0.47,0.35,0.82,1.2,0.04,0,0,0.11,0,0,0.14,0,0,0,0,0,0,300,573.15
 IV-1-166,50CrV,0.47,0.35,0.82,1.2,0.04,0,0,0.11,0,0,0.14,0,0,0,0,0,0,300,573.15
 IV-1-167,50CrV,0.51,0.27,0.72,0.94,0.15,0.05,0,0.2,0,0,0,0,0,0,0,0,0,320,593.15
 IV-1-168,50CrV,0.53,0,0.67,0.93,0,0,0,0.18,0,0,0,0,0,0,0,0,0,290,563.15
 IV-1-169,35Cr2V,0.36,0.31,0.5,2.2,2.24,0,0,0.28,0,0,0,0,0,0,0,0,0,310,583.15
 IV-1-170,45Cr2V,0.44,0.26,0.75,1.7,0,0,0,0.09,0,0,0,0,0,0,0,0,0,300,573.15
 IV-1-171,30CrAl,0.3,0.28,0.77,1.5,0.22,0,0,0,0,0,0,0.08,0,0,0,0,0,360,633.15
 IV-1-172,20CrNi,0.2,0.15,0.71,0.8,1.13,0.05,0,0,0,0,0,0,0,0,0,0,0,410,683.15
 IV-1-173,20CrNi,0.2,0.15,0.71,0.8,1.13,0.05,0,0,0,0,0,0,0,0,0,0,0,410,683.15
 IV-1-174,20CrNi,0.96,0.26,0.74,0.81,1.19,0.09,0,0,0,0,0,0,0,0,0,0,0,150,423.15
 IV-1-175,20CrNi,0.96,0.26,0.74,0.81,1.19,0.09,0,0,0,0,0,0,0,0,0,0,0,120,393.15
 IV-1-176,40CrNi,0.38,0.21,0.72,0.5,1.3,0,0,0,0,0,0,0,0,0,0,0,0,340,613.15
 IV-1-177,40CrNi,0.41,0.24,0.55,0.8,0.93,0,0,0,0,0,0,0,0,0,0,0,0,320,593.15
 IV-1-178,40CrNi,0.44,0.31,0.8,0.98,0.48,0,0,0,0,0,0,0,0,0,0,0,0,310,583.15
 IV-1-179,50CrNi,0.5,0.4,0.7,0.52,0.48,0,0,0,0,0,0,0,0,0,0,0,0,300,573.15
 IV-1-180,12CrNi2,0.11,0.3,0.5,0.64,1.59,0,0,0,0,0,0,0,0,0,0,0,0,405,678.15
 IV-1-181,12CrNi2,0.15,0.3,0.55,0.82,1.3,0,0,0,0,0,0,0,0,0,0,0,0,395,668.15
 IV-1-182,20CrNi2,0.19,0.3,0.55,0.81,1.52,0,0,0,0,0,0,0,0,0,0,0,0,375,648.15
 IV-1-183,12CrNi3,0.11,0.13,0.87,0.87,3.26,0,0,0,0,0,0,0,0,0,0,0,0,420,693.15
 IV-1-184,12CrNi3,0.11,0.13,0.38,0.87,3.26,0,0,0,0,0,0,0,0,0,0,0,0,420,693.15
 IV-1-185,12CrNi3,1,0.12,0.3,0.9,3.27,0,0,0,0,0,0,0,0,0,0,0,0,150,423.15
 IV-1-186,12CrNi3,1,0.12,0.3,0.9,3.27,0,0,0,0,0,0,0,0,0,0,0,0,100,373.15
 IV-1-187,12CrNi3,0.14,0.28,0.36,0.68,3.18,0,0,0,0,0,0,0,0,0,0,0,0,380,653.15
 IV-1-188,12CrNi3,0.8,0.28,0.36,0.68,3.18,0,0,0,0,0,0,0,0,0,0,0,0,170,443.15
 IV-1-189,12CrNi3,0.13,0.33,0.35,0.86,3.42,0,0,0,0,0,0,0,0,0,0,0,0,380,653.15
 IV-1-190,12CrNi3,0.41,0.13,0.38,0.87,3.26,0.08,0,0,0,0,0,0,0,0,0,0,0,300,573.15
 IV-1-191,12CrNi3,0.7,0.16,0.35,0.76,3.24,0.06,0,0,0,0,0,0,0,0,0,0,0,190,463.15
 IV-1-192,12CrNi3,0.7,0.16,0.35,0.96,3.24,0.06,0,0,0,0,0,0,0,0,0,0,0,195,468.15
 IV-1-193,20CrNi3,0.17,0,0,0.9,3.38,0,0,0,0,0,0,0,0,0,0,0,0,340,613.15
 IV-1-196,30CrNi3,0.82,0.2,0.3,0.69,2.95,0,0,0,0,0,0,0,0,0,0,0,0,320,593.15
 IV-1-197,30CrNi3,0.33,0.32,0.51,0.83,3.38,0,0,0,0,0,0,0,0,0,0,0,0,305,578.15
 IV-1-198,37CrNi3,0.35,0,0,1.5,3.5,0,0,0,0,0,0,0,0,0,0,0,0,270,543.15
 IV-1-199,37CrNi3,0.35,0.19,0.37,1.32,3.6,0,0,0,0,0,0,0,0,0,0,0,0,280,553.15
 IV-1-200,37CrNi3,0.39,0,0,1.49,2,0,0,0,0,0,0,0,0,0,0,0,0,250,523.15
 IV-1-201,37CrNi3,0.4,0.26,0.43,1.1,3.5,0,0,0,0,0,0,0,0,0,0,0,0,265,538.15
 IV-1-202,15CrNi4,0.54,0.26,0.34,1.28,3.92,0.07,0,0,0,0,0,0,0,0,0,0,0,220,493.15
 IV-1-203,15CrNi4,0.84,0.26,0.34,1.28,3.92,0.07,0,0,0,0,0,0,0,0,0,0,0,220,493.15
 IV-1-204,12Cr2Ni2,0.13,0.31,0.51,1.5,1.55,0,0,0,0,0,0,0,0,0,0,0,0,440,713.15
 IV-1-205,12Cr2Ni2,0.13,0.31,0.51,1.5,1.55,0,0,0,0,0,0,0,0,0,0,0,0,440,713.15
 IV-1-206,15Cr2Ni2,0.16,0.31,0.5,1.95,2.02,0,0,0,0,0,0,0,0,0,0,0,0,450,723.15
 IV-1-207,15Cr2Ni2,0.15,0.31,0.5,1.95,2.02,0,0,0,0,0,0,0,0,0,0,0,0,450,723.15
 IV-1-208,20Cr2Ni2,0.21,0.33,0.5,1.99,2.08,0,0,0,0,0,0,0,0,0,0,0,0,330,603.15
 IV-1-209,20Cr2Ni2,0.9,0.33,0.5,1.99,2.08,0,0,0,0,0,0,0,0,0,0,0,0,110,383.15
 IV-1-210,12Cr2Ni3,0.11,0,0.45,1.52,3.33,0,0,0,0,0,0,0,0,0,0,0,0,425,698.15
 IV-1-211,12Cr2Ni3,0.4,0,0.45,1.52,3.33,0,0,0,0,0,0,0,0,0,0,0,0,387,660.15
 IV-1-212,12Cr2Ni3,0.6,0,0.45,1.52,3.33,0,0,0,0,0,0,0,0,0,0,0,0,230,503.15
 IV-1-213,12Cr2Ni3,1,0,0.45,1.52,3.33,0,0,0,0,0,0,0,0,0,0,0,0,80,353.15
 IV-1-214,12Cr2Ni4,0.1,0.2,0.34,1.66,3.51,0,0,0,0,0,0,0,0,0,0,0,0,420,693.15
 IV-1-215,12Cr2Ni4,0.15,0.2,0.45,1.54,4.03,0,0,0,0,0,0,0,0,0,0,0,0,390,663.15
 IV-1-216,12Cr2Ni4,0.89,0.19,0.39,1.58,4,0,0,0,0,0,0,0,0,0,0,0,0,190,463.15
 IV-1-217,12Cr2Ni4,0.89,0.19,0.39,1.58,4,0,0,0,0,0,0,0,0,0,0,0,0,93,366.15
 IV-1-218,12Cr2Ni4,0.11,0.09,0.38,1.33,4.15,0,0,0,0,0,0,0,0,0,0,0,0,400,673.15
 IV-1-219,12Cr2Ni4,0.11,0.09,0.38,1.33,4.15,0,0,0,0,0,0,0,0,0,0,0,0,400,673.15
 IV-1-220,12Cr2Ni4,1.02,0.27,0.47,1.22,4.15,0,0,0,0,0,0,0,0,0,0,0,0,125,398.15
 IV-1-221,12Cr2Ni4,1.02,0.27,0.47,1.22,4.15,0,0,0,0,0,0,0,0,0,0,0,0,125,398.15
 IV-1-222,20Cr2Ni4,0.18,0,0,1.68,3.73,0,0,0,0,0,0,0,0,0,0,0,0,330,603.15
 IV-1-224,20Cr2Ni4,0.78,0.37,0.5,1.6,3.4,0,0,0,0,0,0,0,0,0,0,0,0,150,423.15
 IV-1-225,20Cr2Ni4,1,0.32,0.54,1.56,3.47,0,0,0,0,0,0,0,0,0,0,0,0,150,423.15
 IV-1-230,35Cr2Ni4,0.36,0.32,0.53,1.88,3.74,0,0,0,0,0,0,0,0,0,0,0,0,265,538.15
 IV-1-231,40Cr2Ni4,0.42,0.41,0.6,1.25,4.4,0,0,0,0,0,0,0,0,0,0,0,0,240,513.15
 IV-1-232,15NiMo,0.15,0.18,0.53,0,1.56,0.25,0,0,0,0,0,0,0,0,0,0,0,425,698.15
 IV-1-233,15NiMo,0.16,0.18,0.53,0,1.56,0.25,0,0,0,0,0,0,0,0,0,0,0,425,698.15
 IV-1-234,15NiMo,0.99,0.29,0.55,0,1.64,0.29,0,0,0,0,0,0,0,0,0,0,0,170,443.15
 IV-1-235,15NiMo,0.99,0.29,0.56,0,1.64,0.29,0,0,0,0,0,0,0,0,0,0,0,130,403.15
 IV-1-236,15NiMo,0.17,0.26,0.57,0,1.73,0.26,0,0,0,0,0,0,0,0,0,0,0,395,668.15
 IV-1-237,30NiMo,0.32,0.31,0.74,0,1.7,0.23,0,0,0,0,0,0,0,0,0,0,0,340,613.15
 IV-1-238,40NiMo,0.36,0,0,0,1.84,0.23,0,0,0,0,0,0,0,0,0,0,0,340,613.15
 IV-1-239,15Ni2Mo,0.15,0,0.63,0,1.9,0.24,0,0,0,0,0,0,0,0,0,0,0,410,683.15
 IV-1-240,15Ni2Mo,0.16,0.18,0.53,0.28,1.66,0.25,0,0,0,0,0,0,0,0,0,0,0,410,683.15
 IV-1-241,15Ni3Mo,0.16,0,0.52,0,3.36,0.19,0,0,0,0,0,0,0,0,0,0,0,385,658.15
 IV-1-242,15Ni3Mo,0.97,0,0.52,0,3.36,0.2,0,0,0,0,0,0,0,0,0,0,0,107.5,380.65
 IV-1-243,27SiMn2Mo,0.29,1.17,1.7,0.01,0.1,0.13,0,0,0,0,0,0,0,0,0,0,0,340,613.15
 IV-1-244,20MnNiMo,0.19,0.14,1.37,0.2,0.55,0.31,0,0,0,0,0,0,0,0,0,0,0,420,693.15
 IV-1-245,20MnNiMo,0.2,0.38,1.2,0.06,0.55,0,0,0,0,0,0.91,0,0,0,0,0,0,390,663.15
 IV-1-246,30CrMnSi,0.28,1.49,0.92,0,0.12,0,0,0,0,0,0,0,0,0,0,0,0,345,618.15
 IV-1-247,31CrMnSi,0.28,1,1.1,1,0,0,0,0,0,0,0,0,0,0,0,0,0,360,633.15
 IV-1-248,32CrMnSi,0.29,1.05,0.98,0.91,0.13,0,0,0,0,0,0,0,0,0,0,0,0,320,593.15
 IV-1-249,45MnMoSi,0.43,1.38,0.95,1.06,0.03,0,0,0,0,0,0,0,0,0,0,0,0,295,568.15
 IV-1-250,45CrMnSi,0.48,0.59,1.3,0.54,0,0.24,0,0,0,0,0,0,0,0,0,0,0,282.3,555.45
 IV-1-251,30CrMnMo,0.3,0.22,0.84,1.01,0.11,0.5,0,0,0,0,0,0,0,0,0,0,0,385,658.15
 IV-1-252,30CrMnMo,0.26,0.42,1.51,0.45,0,0.11,0,0,0,0,0,0,0,0,0,0,0,385,658.15
 IV-1-253,40CrMnMo,0.38,0.7,1.08,0.4,0.34,0.24,0,0.008,0,0,0,0,0,0,0,0,0,320,593.15
 IV-1-254,50CrMnMo,0.5,0.32,0.8,1.04,0.11,0,0,0,0,0,0,0,0,0,0,0,0,270,543.15
 IV-1-255,18CrMnNi,0.17,0.22,0.88,0.59,0.86,0,0,0,0,0,0,0,0,0,0,0,0,425,698.15
 IV-1-256,18CrMnNi,0.92,0.3,0.93,0.57,0.9,0,0,0,0,0,0,0,0,0,0,0,0,170,443.15
 IV-1-257,18CrMnNi,0.17,0.22,0.88,0.59,0.86,0,0,0,0,0,0,0,0,0,0,0,0,425,698.15
 IV-1-258,18CrMnNi,0.92,0.3,0.93,0.57,0.9,0,0,0,0,0,0,0,0,0,0,0,0,160,433.15
 IV-1-259,38CrMnNi,0.37,0.28,0.89,0.63,1.24,0,0,0,0,0,0,0,0,0,0,0,0,320,593.15
 IV-1-260,38CrMnNi,0.38,0,0.72,0.49,1.32,0,0,0,0,0,0,0,0,0,0,0,0,340,613.15
 IV-1-261,38CrMnNi,0.39,0.46,0.93,1.32,0.7,0,0,0,0,0,0,0,0,0,0,0,0,300,573.15
 IV-1-262,25CrMnV,0.24,0.21,1,0.79,0,0,0,0,0,0,0,0,0,0,0,0,0,420,693.15
 IV-1-263,25CrMnV,0.24,0.21,1.06,0.79,0,0,0,0.1,0,0,0,0,0,0,0,0,0,420,693.15
 IV-1-264,50CrMnV,0.49,0.23,0.9,1.03,0.06,0,0,0.12,0,0,0,0,0,0,0,0,0,290,563.15
 IV-1-268,18CrMnNi,0.66,0,0.98,1.16,0,0,0,0,0,0,0,0,0,0,0,0,0,245,518.15
 IV-1-271,30CrSiMo,0.28,1.25,0.59,0.92,0.05,0.11,0,0,0,0,0,0,0,0,0,0,0,350,623.15
 IV-1-272,45CrSiMo,0.45,1.31,0.55,0.6,0,0.22,0,0,0,0,0,0,0,0,0,0,0,315,588.15
 IV-1-273,20CrNiMo,0.17,0.28,0,0.49,1.33,0.13,0,0,0,0,0.1,0,0,0,0,0,0,365,638.15
 IV-1-274,20CrNiMo,0.18,0.28,0,0.49,1.13,0.13,0,0,0,0,0.1,0,0,0,0,0,0,140,413.15
 IV-1-275,20CrNiMo,0.18,0.31,0,0.56,0.52,0.19,0,0,0,0,0,0,0,0,0,0,0,410,683.15
 IV-1-276,30CrNiMo,0.33,0.24,0,0.54,1.22,0.17,0,0,0,0,0.22,0,0,0,0,0,0,340,613.15
 IV-1-277,30CrNiMo,0.3,0,0,0.5,0.5,0.2,0,0,0,0,0,0,0,0,0,0,0,390,663.15
 IV-1-278,35CrNiMo,0.36,0.33,0,0.95,1.82,0.24,0,0,0,0,0,0,0,0,0,0,0,320,593.15
 IV-1-279,35CrNiMo,0.38,0.2,0,0.95,1.58,0.26,0,0,0,0,0,0,0,0,0,0,0,320,593.15
 IV-1-280,35CrNiMo,0.38,0.26,0,0.98,1.63,0.22,0,0,0,0,0,0,0,0,0,0,0,320,593.15
 IV-1-281,35CrNiMo,0.39,0.23,0,1.11,1.44,0.18,0,0,0,0,0,0,0,0,0,0,0,320,593.15
 IV-1-282,35CrNiMo,0.32,0,0,1.37,1.51,0.5,0,0,0,0,0,0,0,0,0,0,0,315,588.15
 IV-1-283,40CrNiMo,0.42,0,0,0.8,1.8,0.3,0,0,0,0,0,0,0,0,0,0,0,295,568.15
 IV-1-284,08CrNi2Mo,0.1,0.25,0.83,1,1.49,0.3,0,0,0,0,0,0,0,0,0,0,0,270,543.15
 IV-1-285,17CrNi2Mo,0.17,0,0.57,0.45,1.87,0.24,0,0,0,0,0,0,0,0,0,0,0,390,663.15
 IV-1-286,30CrNi2Mo,1.31,0.2,0.42,0.64,0.43,0.58,0,0,0,0,0,0,0,0,0,0,0,320,593.15
 IV-1-287,35CrNi2Mo,0.37,0.26,0.59,0.94,2.54,0.12,0,0,0,0,0.2,0,0,0,0,0,0,295,568.15
 IV-1-288,35CrNi2Mo,0.31,0.2,0,0.64,2.63,0.58,0,0,0,0,0,0,0,0,0,0,0,320,593.15
 IV-1-289,35CrNi2Mo,0.32,0.3,0.58,0.75,2.35,0.52,0,0,0,0,0,0,0,0,0,0,0,310,583.15
 IV-1-290,40CrNi2Mo,0.42,0,0.78,0.8,1.79,0.33,0,0,0,0,0,0,0,0,0,0,0,290,563.15
 IV-1-291,40CrNi2Mo,0.42,0.31,0.57,0.72,2.53,0.48,0,0,0,0,0,0,0,0,0,0,0,390,663.15
 IV-1-292,12CrNi3Mo,0.14,0.19,0.46,1.11,3.55,0.12,0,0,0,0,0,0,0,0,0,0,0,420,693.15
 IV-1-293,12CrNi3Mo,0.14,0.19,0.46,1.11,3.55,0.12,0,0,0,0,0,0,0,0,0,0,0,420,693.15
 IV-1-294,12CrNi3Mo,0.11,0.26,0,0.68,3.02,0.19,0,0,0,0,0.14,0,0,0,0,0,0,385,658.15
 IV-1-295,12CrNi3Mo,0.15,0.35,0,0.84,3.08,0.14,0,0,0,0,0.12,0,0,0,0,0,0,370,643.15
 IV-1-296,12CrNi3Mo,0.16,0.2,0,1.02,3.02,0.26,0,0,0,0,0.12,0,0,0,0,0,0,355,628.15
 IV-1-297,30CrNi3Mo,0.3,0.3,0,0.86,3.2,0.4,0,0,0,0,0.17,0,0,0,0,0,0,320,593.15
 IV-1-298,30CrNi3Mo,0.32,0.28,0,0.63,3.22,0.22,0,0,0,0,0,0,0,0,0,0,0,310,583.15
 IV-1-299,30CrNi3Mo,0.33,0.21,0,0.76,2.92,0.18,0,0,0,0,0,0,0,0,0,0,0,310,583.15
 IV-1-300,34CrNi3Mo,0.36,0.27,0,0.91,2.8,0.24,0,0,0,0,0,0,0,0,0,0,0,290,563.15
 IV-1-301,34CrNi3Mo,0.36,0.27,0,0.91,2.8,0.24,0,0,0,0,0,0,0,0,0,0,0,290,563.15
 IV-1-302,35CrNi3Mo,0.31,0.28,0.5,1.2,3.33,0.5,0,0,0,0,0.15,0,0,0,0,0,0,310,583.15
 IV-1-303,40CrNi3Mo,0.42,0.31,0.67,1,2.71,0.48,0,0,0,0,0,0,0,0,0,0,0,280,553.15
 IV-1-304,12CrNi4Mo,0.14,0.19,0,1.11,3.55,0.12,0,0,0,0,0,0,0,0,0,0,0,410,683.15
 IV-1-305,12CrNi4Mo,0.14,0.19,0,1.11,3.55,0.12,0,0,0,0,0,0,0,0,0,0,0,410,683.15
 IV-1-306,15CrNi4Mo,0.56,0.18,0.47,1.16,4.25,0.18,0,0,0,0,0,0,0,0,0,0,0,220,493.15
 IV-1-307,15CrNi4Mo,0.56,0.18,0.47,1.16,4.25,0.18,0,0,0,0,0,0,0,0,0,0,0,190,463.15
 IV-1-308,35CrNi4Mo,0.35,0.24,0,0.84,5.95,0.38,0,0,0,0,0,0,0,0,0,0,0,270,543.15
 IV-1-309,40CrNi4Mo,0.4,0.2,0.35,1.27,4.03,0.24,0,0.04,0.015,0.01,0.16,0,0,0,0,0,0,270,543.15
 IV-1-310,35Cr2Ni4Mo,0.32,0.35,0,1.49,1.46,0.25,0,0,0,0,0,0,0,0,0,0,0,320,593.15
 IV-1-311,35Cr2Ni4Mo,0.38,0.33,0,1.56,1.45,0.24,0,0,0,0,0,0,0,0,0,0,0,295,568.15
 IV-1-312,20Cr2Ni2Mo,0.2,0.23,0,1.65,2,0.19,0,0,0,0,0,0,0,0,0,0,0,390,663.15
 IV-1-313,20Cr2Ni2Mo,0.2,0.23,0,1.65,2,0.19,0,0,0,0,0,0,0,0,0,0,0,390,663.15
 IV-1-314,20Cr2Ni2Mo,0.93,0.38,0,1.7,2.1,0.2,0,0,0,0,0,0,0,0,0,0,0,200,473.15
 IV-1-315,20Cr2Ni2Mo,0.93,0.38,0,1.7,2.1,0.2,0,0,0,0,0,0,0,0,0,0,0,150,423.15
 IV-1-316,30Cr2Ni2Mo,0.3,0.24,0,1.44,2.06,0.37,0,0,0,0,0.2,0,0,0,0,0,0,350,623.15
 IV-1-317,30Cr2Ni2Mo,0.3,0.24,0.46,1.44,2.06,0.37,0,0,0,0,0.2,0,0,0,0,0,0,350,623.15
 IV-1-318,35Cr2Ni2Mo,0.32,0.27,0.55,1.8,1.9,0.58,0,0,0,0,0.16,0,0,0,0,0,0,305,578.15
 IV-1-319,35Cr2Ni3Mo,0.3,0.1,0.35,1.55,3,0.5,0,0,0,0,0.16,0,0,0,0,0,0,295,568.15
 IV-1-320,35Cr2Ni3Mo,0.31,0.2,0.44,1.26,3.4,0.47,0,0,0,0,0,0,0,0,0,0,0,280,553.15
 IV-1-321,35Cr2Ni3Mo,0.34,0.37,0.52,1.8,2.65,0.53,0,0,0,0,0,0,0,0,0,0,0,270,543.15
 IV-1-322,45Cr2Ni3Mo,0.47,0,0,1.4,3.26,0.38,0,0,0,0,0,0,0,0,0,0,0,230,503.15
 IV-1-323,12Cr2Ni4Mo,0.15,0.2,0,1.16,4.33,0.17,0,0,0,0,0,0,0,0,0,0,0,370,643.15
 IV-1-324,12Cr2Ni4Mo,0.15,0.2,0,1.16,4.33,0.17,0,0,0,0,0,0,0,0,0,0,0,365,638.15
 IV-1-325,12Cr2Ni4Mo,0.93,0.3,0,1.18,4.25,0.16,0,0,0,0,0,0,0,0,0,0,0,125,398.15
 IV-1-326,12Cr2Ni4Mo,0.93,0.3,0,1.18,4.25,0.16,0,0,0,0,0,0,0,0,0,0,0,110,383.15
 IV-1-327,18Cr2Ni4Mo,0.17,0,0,1.44,4.4,0.5,0,0,0,0,0,0,0,0,0,0,0,370,643.15
 IV-1-328,35Cr2Ni4Mo,0.32,0.29,0,1.21,4.13,0.3,0,0,0,0,0,0,0,0,0,0,0,300,573.15
 IV-1-329,35Cr2Ni4Mo,0.36,0.3,0,1.65,3.7,0.23,0,0,0,0,0,0,0,0,0,0,0,265,538.15
 IV-1-330,35Cr2Ni4Mo,0.37,0.28,0,1.49,3.79,0.38,0,0,0,0,0,0,0,0,0,0,0,260,533.15
 IV-1-331,35Cr2Ni4Mo,0.38,0.22,0,1.5,3.4,0.15,0,0,0,0,0,0,0,0,0,0,0,275,548.15
 IV-1-332,30Cr3NiMo,0.31,0.3,0.67,3,0.94,0.51,0,0,0,0,0,0,0,0,0,0,0,320,593.15
 IV-1-333,35CrNi1W,0.35,0.36,0,0.61,1.38,0,0.89,0,0,0,0,0,0,0,0,0,0,335,608.15
 IV-1-334,35CrNi1W,0.36,0.31,0.51,1.34,1.4,0,0.8,0,0,0,0,0,0,0,0,0,0,320,593.15
 IV-1-335,18Cr2Ni4W,0.16,0.19,0,1.51,4.3,0,0.86,0,0,0,0,0,0,0,0,0,0,310,583.15
 IV-1-336,18Cr2Ni4W,0,0.19,0,1.51,4.3,0,0.86,0,0,0,0,0,0,0,0,0,0,75,348.15
 IV-1-337,45Cr2NiW,0.46,0.24,0.5,1.53,3.96,0,0.59,0,0,0,0,0,0,0,0,0,0,240,513.15
 IV-1-338,40Cr2Ni5Si,0.41,1.39,0.08,1.65,4.54,0,0,0,0,0,0,0,0,0,0,0,0,250,523.15
 IV-1-339,20Cr2Ni2V,0.16,0.28,0,1.86,1.68,0,0,0.09,0,0,0,0,0,0,0,0,0,420,693.15
 IV-1-340,20Cr2Ni2V,0.19,0.25,0,1.85,1.7,0,0,0.13,0,0,0,0,0,0,0,0,0,390,663.15
 IV-1-343,12CrMo1V,0.15,0.26,0.53,1.04,0.11,1.05,0,0.25,0,0,0.15,0,0,0,0,0,0,400,673.15
 IV-1-345,38CrMoV,0.38,0.18,0.8,1.54,0,0.63,0,0.27,0,0,0,0,0,0,0,0,0,360,633.15
 IV-1-346,45CrMoV,0.43,0.27,0.75,1.31,0.11,0.72,0,0.23,0.011,0.011,0,0,0,0,0,0,0,325,598.15
 IV-1-347,45CrMoV,0.43,0.27,0.75,1.31,0.11,0.72,0,0.23,0,0,0,0,0,0,0,0,0,325,598.15
 IV-1-348,45CrMoV,0.43,0.27,0.75,1.31,0.11,0.72,0,0.23,0.011,0.011,0,0,0,0,0,0,0,320,593.15
 IV-1-349,25Cr2MoV,0.26,0.31,0.47,1.65,0.19,0.63,0,0.28,0,0,0.13,0,0,0,0,0,0,340,613.15
 IV-1-350,35CrMoAl,0.33,0,0.7,1.42,0,0.26,0,0,0,0,0,1,0,0,0,0,0,335,608.15
 IV-1-351,40CrMoAl,0.41,0,0.57,1.57,0,0.36,0,0,0,0,0,0,0,0,0,0,0,330,603.15
 IV-1-352,50CrNiMoV,0.52,0.29,0.7,1.09,1.72,0.43,0,0.14,0.01,0.01,0,0,0,0,0,0,0,275,548.15
 IV-1-353,25CrNi3MoV,0.25,0,0.52,1.14,3.33,0.65,0,0.15,0,0,0,0,0,0,0,0,0,330,603.15
 IV-1-354,35CrNi3MoV,0.32,0,0,1.37,3.02,0.48,0,0.18,0,0,0,0,0,0,0,0,0,320,593.15
 IV-1-355,35CrNi3MoV,0.35,0,0.69,1.32,3.25,0.48,0,0.27,0,0,0,0,0,0,0,0,0,320,593.15
 IV-1-356,35CrNi3MoV,0.36,0.28,0,0.64,2.92,0.6,0,0.16,0,0,0,0,0,0,0,0,0,290,563.15
 IV-1-357,25Cr2NiWV,0.22,0.29,0.42,1.96,0.97,0,1.35,0.27,0,0,0,0,0,0,0,0,0,320,593.15
 IV-1-358,30Cr2W4MoV,0.31,0.2,0.54,2.14,0.11,0.29,3.94,0.57,0,0,0,0,0,0,0,0,0,290,563.15
 IV-1-359,20Cr3MoWV,0.22,0,0,2.8,0.33,0.41,0.46,0.65,0,0,0,0,0,0,0,0,0,300,573.15
 IV-1-360,20CrMnNiMo,0.18,0.26,0.93,1.11,1.34,0.11,0,0,0,0,0,0,0,0,0,0,0,400,673.15
 IV-1-361,20CrMnNiMo,0.18,0.26,0.93,1.11,1.34,0.11,0,0,0,0,0,0,0,0,0,0,0,400,673.15
 IV-1-362,20CrMnNiMo,0.18,0.25,0.83,0.49,0.49,0.19,0,0,0,0,0,0,0,0,0,0,0,400,673.15
 IV-1-363,20CrMnNiMo,1,0.28,0.99,1.12,1.42,0.11,0,0,0,0,0,0,0,0,0,0,0,140,413.15
 IV-1-364,20CrMnNiMo,1,0.28,0.99,1.12,1.42,0.11,0,0,0,0,0,0,0,0,0,0,0,120,393.15
 IV-1-365,20CrMnNiMo,0.24,0.47,0.94,0.34,0.3,0.14,0,0,0,0,0,0,0,0,0,0,0,120,393.15
 IV-1-366,40CrMnNiMo,0.4,0.21,1.34,0.53,1.03,0.22,0,0,0,0,0,0,0,0,0,0,0,290,563.15
 IV-1-367,45CrMnNiMo,0.44,0.25,0.9,0.54,0.44,0.22,0,0,0,0,0,0,0,0,0,0,0,310,583.15
 IV-1-368,50CrMnNiMo,0.49,0.2,1.01,0.56,0.54,0.38,0,0,0,0,0,0,0,0,0,0,0,280,553.15
 IV-1-369,50CrMnNiMo,0.52,0.28,1.19,0.51,0.53,0.35,0,0,0,0,0,0,0,0,0,0,0,230,503.15
 IV-1-370,60CrMnNiMo,0.59,0,0.89,0.64,0.53,0.22,0,0,0,0,0,0,0,0,0,0,0,260,533.15
 IV-1-371,20CrMnNi2Mo,0.19,0.21,0.9,1.08,1.87,0.18,0,0,0,0,0,0,0,0,0,0,0,410,683.15
 IV-1-372,20CrMnNi2Mo,0.19,0.21,0.9,1.08,1.87,0.18,0,0,0,0,0,0,0,0,0,0,0,410,683.15
 IV-1-373,20CrMnNi2Mo,0.97,0.33,1,1.13,1.93,0.23,0,0,0,0,0,0,0,0,0,0,0,180,453.15
 IV-1-374,20CrMnNi2Mo,0.97,0.33,1,1.13,1.93,0.23,0,0,0,0,0,0,0,0,0,0,0,160,433.15
 IV-1-375,20MnNiMoCu,0.19,0,1.12,0,0.78,0.27,0,0,0,0,0.98,0,0,0,0,0,0,400,673.15
 IV-1-376,10MnSiMoTi,0.1,0.57,1.27,0.16,0,0.25,0,0,0,0,0,0.1,0,0,0,0,0,280,553.15
 IV-1-377,40CrMnSiNiMo,0.38,0.7,1.08,0.4,0,0.11,0,0,0,0,0,0,0,0,0,0,0,330,603.15
 IV-1-378,40CrMnSiNiMo,0.38,0.66,1.45,0.52,0.57,0.19,0,0,0,0,0,0,0,0,0,0,0,295,568.15
 IV-1-379,20CrMnSiNiMo,0.23,0,1.12,2.92,0,0.47,0.38,0.64,0,0,0,0,0,0,0,0,0,280,553.15
 IV-1-382,50B,0.51,0,0,0,0,0,0,0,0,0,0,0,0,0.0025,0,0,0,280,553.15
 IV-1-383,60B,0.63,0.4,0.65,0.13,0,0,0,0,0,0,0.2,0,0,0.002,0,0,0,270,543.15
 IV-1-384,60B,0.63,0,0.87,0,0,0,0,0,0,0,0,0,0,0.0018,0,0,0,270,543.15
 IV-1-387,60MnB,0.63,0.17,0.87,0.04,0.02,0,0,0,0,0,0,0,0,0.0018,0,0,0,280,553.15
 IV-1-388,20Mn2B,0.21,0,2.04,0,0,0,0,0,0,0,0,0,0,0.0015,0,0,0,395,668.15
 IV-1-391,20Mn2B,0.21,0.25,2.04,0.04,0.03,0.02,0,0,0,0,0,0,0,0.0015,0,0,0,370,643.15
 IV-1-392,40Mn2B,0.4,0.25,2.04,0.04,0.03,0.02,0,0,0,0,0,0,0,0.0015,0,0,0,340,613.15
 IV-1-395,55CrMnB,0.57,0.36,1.03,1.14,0,0,0,0,0,0,0,0,0.057,0.037,0,0,0,260,533.15
 IV-1-396,55CrMnB,0.57,0,1.01,1.14,0.5,0,0,0,0,0,0,0,0.057,0.037,0,0,0,260,533.15
 IV-1-397,50CrMnB,0.61,0.28,0.88,0.83,0.02,0.03,0,0,0,0,0,0,0,0.0006,0,0,0,245,518.15
 IV-1-398,20NiMoB,0.19,0.24,0.77,0.04,0.42,0.012,0,0,0,0,0,0,0,0.0018,0,0,0,400,673.15
 IV-1-399,15CrNiMoB,0.14,0,0.81,0.49,1.81,0.27,0,0,0,0,0,0,0,0.003,0,0,0,400,673.15
 IV-1-400,20CrNiMoB,0.18,0.24,0.57,0.31,0.31,0.15,0,0,0,0,0,0,0,0.0009,0,0,0,440,713.15
 IV-1-401,45CrMnMoB,0.43,0.26,1.02,0.48,0.31,0.13,0,0,0,0,0,0,0,0.0009,0,0,0,290,563.15
 IV-1-402,45CrMnNiMoB,0.45,0.31,0.89,0.66,0.59,0.12,0,0,0,0,0,0,0,0.0015,0,0,0,290,563.15
 IV-1-403,16CrMnNiMoB,0.15,0,0.92,0.5,0.88,0.46,0,0,0,0,0,0,0,0.06,0,0,0,390,663.15
 IV-1-404,20Cr3MnMoWVB,0.24,0,1.04,3.02,0,0.45,0.42,0.62,0,0,0,0,0,0.0006,0,0,0,240,513.15
 IV-1-405,40MnREB,0.38,0.25,1.13,0.03,0.03,0,0,0,0.004,0.01,0.04,0,0,0.0038,0,0,0,340,613.15
 IV-1-406,Y40Mn,0.51,0.25,1.39,0,0,0,0,0,0.257,0.04,0,0,0,0,0,0,0,280,553.15
 IV-1-407,75,0.75,0.33,0.7,0.17,0.2,0,0,0,0,0,0,0,0,0,0,0,0,230,503.15
 IV-1-408,75,0.75,0.24,0.75,0,0.43,0,0,0,0,0,0.56,0,0,0,0,0,0,240,513.15
 IV-1-409,75,0.79,0,0.76,0,0,0,0,0,0,0,0,0,0,0,0,0,0,230,503.15
 IV-1-410,85,0.82,0.21,0.5,0.1,0.2,0,0,0,0,0,0,0,0,0,0,0,0,230,503.15
 IV-1-411,50Si,0.54,1.27,0.23,0.06,0,0,0,0,0,0,0,0,0,0,0,0,0,320,593.15
 IV-1-412,60Si,0.57,1,0.81,0.09,0.18,0,0,0,0,0,0,0,0,0,0,0,0,285,558.15
 IV-1-413,40Si2,0.42,1.78,0.62,0.05,0.18,0.007,0,0,0,0,0,0,0.03,0,0,0,0,330,603.15
 IV-1-414,50Si2,0.53,2.32,0.24,0.32,0,0,0,0,0,0,0,0,0,0,0,0,0,310,583.15
 IV-1-417,55Si2,0.55,1.85,0.64,0.17,0,0,0,0,0,0,0,0,0,0,0,0,0,305,578.15
 IV-1-418,60Si2,0.57,1.73,0.67,0.13,0,0,0,0,0,0,0,0,0,0,0,0,0,300,573.15
 IV-1-419,70Si2,0.73,1.62,0.73,0.1,0.12,0,0,0,0,0,0.18,0,0,0,0,0,0,215,488.15
 IV-1-420,70Si2,0.64,2.67,0.67,0.18,0,0,0,0,0,0,0,0,0,0,0,0,0,290,563.15
 IV-1-421,70Si2,0.68,2.73,0.65,0,0,0,0,0,0,0,0,0,0,0,0,0,0,270,543.15
 IV-1-422,50Si4,0.51,3.8,0.25,0.32,0,0,0,0,0,0,0,0,0,0,0,0,0,310,583.15
 IV-1-423,55Si2Mn,0.55,1.74,0.87,0.1,0.16,0.02,0,0,0,0,0,0,0,0,0,0,0,270,543.15
 IV-1-424,60Si2Mn,0.62,2,0.95,0.15,0,0,0,0,0,0,0,0,0,0,0,0,0,250,523.15
 IV-1-425,60Si2Mn,0.62,2.01,0.82,0.07,0,0,0,0,0,0,0,0,0,0,0,0,0,245,518.15
 IV-1-426,60Si2Mn,0.62,2.13,0.86,0.33,0,0,0,0,0,0,0,0,0,0,0,0,0,250,523.15
 IV-1-427,60Si2Mo,0.6,1.9,0.75,0.25,0,0.3,0,0,0,0,0,0,0,0,0,0,0,260,533.15
 IV-1-428,75CrMo,0.74,0.25,0.34,1.43,0.21,0.23,0,0,0,0,0,0,0,0,0,0,0,220,493.15
 IV-1-429,50CrMnV,0.47,0.38,1.04,1.2,0.06,0.06,0,0.18,0,0,0.18,0,0,0,0,0,0,290,563.15
 IV-1-430,50CrMnV,0.47,0.38,1.04,1.2,0.06,0.06,0,0.18,0,0,0.18,0,0,0,0,0,0,290,563.15
 IV-1-431,50CrMnV,0.49,0.23,0.9,1.03,0.06,0,0,0.12,0,0,0,0,0,0,0,0,0,290,563.15
 IV-1-432,50CrMnV,0.49,0.33,0.9,0.92,0.06,0,0,0.12,0,0,0,0,0,0,0,0,0,300,573.15
 IV-1-433,50CrMnV,0.5,0.26,0.91,1.07,0.06,0,0,0.12,0,0,0,0,0,0,0,0,0,295,568.15
 IV-1-434,50CrMnV,0.55,0.22,0.98,1.02,0.01,0,0,0.11,0,0,0.07,0,0,0,0,0,0,270,543.15
 IV-1-435,50CrMnV,0.55,0.22,0.98,1.02,0.01,0,0,0.11,0,0,0.07,0,0,0,0,0,0,270,543.15
 IV-1-436,50CrMnSiMo,0.5,1.48,1.05,1.2,0,0.2,0,0,0,0,0,0,0,0,0,0,0,275,548.15
 IV-1-437,60CrMnSiV,0.54,0.69,0.78,1.18,0,0,0,0.12,0,0,0,0,0,0,0,0,0,240,513.15
 IV-1-438,60CrMnSiV,0.58,0.69,0.81,1.27,0,0,0,0.11,0,0,0,0,0,0,0,0,0,270,543.15
 IV-1-439,60CrMnSiV,0.58,0.89,0.81,1.27,0,0,0,0.11,0,0,0,0,0,0,0,0,0,255,528.15
 IV-1-440,GCr6,1.05,0.19,0.32,0.54,0,0,0,0,0,0,0,0,0,0,0,0,0,192,465.15
 IV-1-441,GCr15,1.01,0.3,0.34,1.54,0,0,0,0,0.017,0.013,0,0,0,0,0,0,0,245,518.15
 IV-1-442,GCr15,1,0.27,0.3,1.71,0.21,0.04,0,0.01,0,0,0,0,0.02,0,0,0,0,130,403.15
 IV-1-443,GCr15,1.02,0.33,0.36,1.41,0.2,0,0,0,0,0,0,0,0,0,0,0,0,240,513.15
 IV-1-444,GCr15,1,0.27,0.3,1.71,0.21,0.04,0,0.01,0,0,0,0,0.02,0,0,0,0,130,403.15
 IV-1-445,GCr15,1.02,0.33,0.36,1.41,0.2,0,0,0,0,0,0,0,0,0,0,0,0,130,403.15
 IV-1-446,GCr15,1.04,0.26,0.33,1.53,0.31,0.01,0,0.01,0,0,0.27,0,0,0,0,0,0,245,518.15
 IV-1-447,GCr15,1.04,0.26,0.33,1.53,0.31,0.01,0,0.01,0,0,0.2,0,0,0,0,0,0,135,408.15
 IV-1-448,GCr15,1.08,0.26,0.63,1.46,0.33,0.06,0.11,0.02,0,0,0,0,0,0,0,0,0,200,473.15
 IV-1-449,GCr15SiMn,0.93,0.55,1.1,1.33,0,0,0,0,0,0,0,0,0,0,0,0,0,825,1098.15
 IV-1-450,T7,0.65,0.19,0.39,0.16,0.19,0,0,0,0,0,0,0,0,0,0,0,0,285,558.15
 IV-1-451,T7,0.66,0,0.27,0,0,0,0,0,0,0,0,0,0,0,0,0,0,280,553.15
 IV-1-452,T8,0.76,0.22,0.29,0.11,0.07,0.02,0,0.02,0,0,0.11,0,0,0,0,0,0,245,518.15
 IV-1-453,T8,0.76,0.22,0.29,0.11,0.07,0.02,0,0,0,0,0.11,0,0,0,0,0,0,210,483.15
 IV-1-454,T8,0.78,0.16,0.36,0,0,0,0,0,0,0,0,0,0,0,0,0,0,235,508.15
 IV-1-455,T9,0.89,0.15,0.29,0,0,0,0,0,0,0,0,0,0,0,0,0,0,230,503.15
 IV-1-456,T9,0.93,0.11,0.31,0,0.2,0,0,0,0,0,0.62,0,0,0,0,0,0,190,463.15
 IV-1-457,T10,0.93,0,0.29,0,0,0,0,0,0,0,0,0,0,0,0,0,0,210,483.15
 IV-1-458,T10,1.03,0.17,0.22,0.07,0.1,0.01,0,0,0,0,0.14,0,0,0,0,0,0,175,448.15
 IV-1-459,T10,1.03,0.17,0.22,0.07,0.1,0.01,0,0,0,0,0.14,0,0,0,0,0,0,160,433.15
 IV-1-460,T10Mn,0.96,0.32,0.55,0.11,0.08,0.01,0,0,0,0,0.14,0,0,0,0,0,0,190,463.15
 IV-1-461,T11,1.1,0.5,0.3,0.25,0,0,0,0,0,0,0,0,0,0,0,0,0,170,443.15
 IV-1-462,T11,1.13,,0.29,0,0,0,0,0,0,0,0,0,0,0,0,0,0,185,458.15
 IV-1-463,T11,1.14,0.16,0.22,0,0,0,0,0,0,0,0,0,0,0,0,0,0,200,473.15
 IV-1-464,T12,1.17,0.18,0.36,0.26,0,0,0,0,0,0,0,0,0,0,0,0,0,200,473.15
 IV-1-465,T12,1.29,0.27,0.2,0.04,0.09,0.01,0,0,0,0,0.08,0,0,0,0,0,0,190,463.15
 IV-1-466,T12,1.29,0.27,0.2,0.04,0.09,0,0,0,0,0,0,0,0,0,0,0,0,12,285.15
 IV-1-467,T13,1.26,0.03,0.25,0,0,0,0,0,0,0,0,0,0,0,0,0,0,160,433.15
 IV-1-468,T16,1.6,0.27,0.4,0,0,0,0,0,0,0,0,0,0,0,0,0,0,90,363.15
 IV-1-469,T10Mn2,0.98,0.08,1.84,0,0,0,0,0,0.011,0.023,0,0,0,0,0,0,0,125,398.15
 IV-1-470,7Cr3,0.68,0.5,0,3.49,0,0,0,0,0,0,0,0,0,0,0,0,0,220,493.15
 IV-1-471,1Mo3,0.1,0.26,0.5,0,0,2.95,0,0,0,0,0,0,0,0,0,0,0,400,673.15
 IV-1-472,2Mo3,0.24,0.3,0.68,0,0,2.95,0,0,0,0,0,0,0,0,0,0,0,370,643.15
 IV-1-473,2Mo3Ni3,0.22,0.3,0.5,0,2.8,2.95,0,0,0,0,0,0,0,0,0,0,0,330,603.15
 IV-1-474,4Cr2W3,0.4,0.26,0.34,2.85,0.12,0.16,3.39,0.26,0,0,0,0,0,0,0,0,0,330,603.15
 IV-1-475,5CrW2V,0.45,0.2,0.34,1.25,0,0,2.2,0.36,0,0,0,0,0,0,0,0,0,300,573.15
 IV-1-476,3Cr2W4V,0.28,0.16,0.39,2.35,0.06,0.06,4.1,0.53,0,0,0,0,0,0,0,0,0,310,583.15
 IV-1-478,3Cr2W8V,0.28,0.11,0.36,2.57,0,0,8.88,0.36,0,0,0,0,0,0,0,0,0,420,693.15
 IV-1-479,3Cr2W8V,0.3,0.43,0.4,2.3,0,0,8.78,0.34,0,0,0,0,0,0,0,0,0,380,653.15
 IV-1-480,3Cr2W8V,0.34,0.31,0.38,2.86,0,0,8.12,0.17,0,0,0,0,0,0,0,0,0,330,603.15
 IV-1-481,3Cr2W8V,0.38,0.27,0.29,2.2,0,0,7.93,0.4,0,0,0,0,0,0,0,0,0,345,618.15
 IV-1-482,3Cr2W12V,0.4,0.3,0.3,2,0,0,11.5,0.35,0,0,0,0,0,0,0,0,0,370,643.15
 IV-1-483,4CrW2Si,0.4,0.72,0.27,1.2,0.17,0,1.85,0,0,0,0,0,0,0,0,0,0,315,588.15
 IV-1-484,4CrW2Si,0.44,0.79,0.6,1.23,0,0,1.94,0,0,0,0,0,0,0,0,0,0,335,608.15
 IV-1-485,5CrW2Si,0.52,0.71,0.3,1.76,0,0,2.43,0,0,0,0,0,0,0,0,0,0,325,598.15
 IV-1-486,5CrW2Si,0.52,0.8,0.33,1.17,0.16,0,2.25,0,0,0,0,0,0,0,0,0,0,295,568.15
 IV-1-487,5CrW2Si,0.48,0.67,0.27,1.2,0.14,0.015,2.34,0.13,0,0,0.21,0,0,0,0,0,0,290,563.15
 IV-1-488,5CrW2Si,0.55,0.94,0.34,1.27,0.12,0.05,2.1,0.18,0,0,0,0,0,0,0,0,0,275,548.15
 IV-1-489,6CrW2Si,0.58,0.55,0.32,1.27,0.23,0,2.25,0,0,0,0,0,0,0,0,0,0,270,543.15
 IV-1-490,50CrMnMo,0.59,0.41,1.42,0.85,0.1,0.15,0,0,0,0,0,0,0,0,0,0,0,225,498.15
 IV-1-491,4CrMoV,0.38,0.18,0.81,1.54,0.01,0.63,0,0.27,0,0,0,0,0,0,0,0,0,350,623.15
 IV-1-492,4CrMoV,0.43,0.27,0.75,1.31,0.11,0.72,0,0.23,0,0,0,0,0,0,0,0,0,320,593.15
 IV-1-493,4CrMoV,0.43,0.27,0.75,1.31,0.11,0.72,0,0.23,0,0,0,0,0,0,0,0,0,320,593.15
 IV-1-494,4CrMoV,0.4,0.33,0.72,1.47,0,0.55,0,0.34,0,0,0,0,0,0,0,0,0,310,583.15
 IV-1-495,4Cr5MoV,0.38,0.94,0.48,5.53,0,0.87,0,0.48,0,0,0,0,0,0,0,0,0,275,548.15
 IV-1-497,5CrNiMo,0.54,0.28,0.64,0.77,1.75,0.34,0,0.06,0,0,0,0,0,0,0,0,0,240,513.15
 IV-1-498,5CrNiMo,0.55,0.34,0.66,1.03,1.71,0.52,0,0.06,0,0,0,0,0,0,0,0,0,240,513.15
 IV-1-499,5CrNiMo,0.55,0.3,0.77,0.87,1.18,0.23,0,0,0,0,0,0,0,0,0,0,0,220,493.15
 IV-1-500,6CrNiMo,0.62,0.67,0.64,0.6,1.79,0.32,0,0,0,0,0,0,0,0,0,0,0,230,503.15
 IV-1-501,6CrNiMo,0.64,0.28,0.93,1.01,1.64,0.24,0,0,0,0,0,0,0,0,0,0,0,230,503.15
 IV-1-502,6CrNi2Mo,0.62,0.67,0.64,0.6,1.7,0.32,0,0,0,0,0,0,0,0,0,0,0,220,493.15
 IV-1-504,5CrNi3Mo,0.53,0.27,0.3,1.04,3.3,0.16,0,0,0,0,0,0,0,0,0,0,0,240,513.15
 IV-1-506,4CrNi4Mo,0.4,0.2,0.36,1.27,4.03,0.24,0,0,0,0,0,0,0,0,0,0,0,270,543.15
 IV-1-507,4CrNi4Mo,0.4,0.2,0.35,1.27,4.03,0.24,0,0,0,0,0,0,0,0,0,0,0,265,538.15
 IV-1-508,6Cr2Ni3Mo,0.6,0.24,0.37,2.14,3.22,0.07,0,0,0,0,0,0,0,0,0,0,0,190,463.15
 IV-1-509,5CrNiW,0.59,0.38,0.45,1.28,1.1,0,0.5,0,0,0,0,0,0,0,0,0,0,205,478.15
 IV-1-510,5CrNiW,0.56,0.23,0.59,0.6,1.6,0,0.78,0,0,0,0,0,0,0,0,0,0,260,533.15
 IV-1-511,4Cr2Ni4W,0.46,0.24,0.5,1.53,3.96,0,0.59,0,0,0,0,0,0,0,0,0,0,235,508.15
 IV-1-512,4CrNi4Si2Mo,0.38,1.94,0.51,0.83,3.48,0.7,0,0,0,0,0,0,0,0,0,0,0,260,533.15
 IV-1-513,5CrNiWSi,0.57,0.9,0.46,1.34,1.16,0,0.47,0,0,0,0,0,0,0,0,0,0,250,523.15
 IV-1-514,5CrNiMoV,0.52,0.29,0.7,1.09,1.72,0.43,0,0.14,0,0,0,0,0,0,0,0,0,270,543.15
 IV-1-515,4Cr5MoWSi,0.32,0.95,0.35,4.86,0.04,1.45,1.29,0,0,0,0,0,0,0,0,0,0,270,543.15
 IV-1-516,4Cr5MoVSi,0.39,0.94,0.48,5.53,0.04,0.87,0,0.48,0,0,0.2,0,0,0,0,0,0,270,543.15
 IV-1-517,4Cr5MoVSi,0.39,0.94,0.48,5.53,0.04,0.87,0,0.48,0,0,0.2,0,0,0,0,0,0,370,643.15
 IV-1-518,4CrMoWV,0.39,0.58,0.45,1.45,0.13,0.47,0.55,0.7,0,0,0,0,0,0,0,0,0,360,633.15
 IV-1-519,4CrMoWV,0.39,0.58,0.45,1.45,0.13,0.47,0.55,0.7,0,0,0,0,0,0,0,0,0,340,613.15
 IV-1-520,5CrNiMoV,0.46,0.16,0.68,1.27,1.69,0.3,0,0.13,0,0,0,0,0,0,0,0,0,275,548.15
 IV-1-521,5CrNiMoV,0.52,0.29,0.7,1.09,1.72,0.43,0,0.14,0,0,0,0,0,0,0,0,0,250,523.15
 IV-1-522,5CrW2SiV,0.55,0.94,0.34,1.27,0.12,0.05,2.19,0.18,0,0,0,0,0,0,0,0,0,310,583.15
 IV-1-523,3Cr2W8SiV,0.28,0.96,0,2.8,0.54,0,8.77,0.24,0,0,0,0,0,0,0,0,0,390,663.15
 IV-1-524,3Cr2W4MoV,0.36,0.66,0.45,2.46,0,0.45,4.59,0.73,0,0,0,0,0,0,0,0,0,380,653.15
 IV-1-527,4Cr5Si1Mo1V1,0.4,1.1,0.4,5.3,0,1.4,0,1,0,0,0,0,0,0,0,0,0,360,633.15
 IV-1-528,4CrWSiMo1V,0.39,0.58,0.32,1.43,0.21,0.5,0.85,0.84,0,0,0,0,0,0,0,0,0,330,603.15
 IV-1-529,5CrWSiMo1V,0.47,0.73,0.5,1.2,0,0.39,0.45,1,0,0,0,0,0,0,0,0,0,260,533.15
 IV-1-530,9Cr,0.88,0.24,0.41,0.78,0.1,0,0,0,0,0,0.12,0,0,0,0,0,0,230,503.15
 IV-1-531,9Cr,0.95,0.29,0.28,1.62,0.13,0,0,0,0,0,0,0,0,0,0,0,0,270,543.15
 IV-1-532,9Cr,0.95,0.35,0.31,1.56,0.25,0,0,0,0,0,0,0,0,0,0,0,0,270,543.15
 IV-1-533,9Cr,0.95,0.35,0.31,1.56,0.25,0,0,0,0,0,0,0,0,0,0,0,0,150,423.15
 IV-1-534,9Cr2,0.89,0.32,0.3,2,0.13,0,0,0,0,0,0,0,0,0,0,0,0,270,543.15
 IV-1-535,Cr,1.01,0.3,0.5,1.21,0,0,0,0,0,0,0,0,0,0,0,0,0,205,478.15
 IV-1-536,Cr,0.98,0.35,0.4,1.43,0,0,0,0,0,0,0,0,0,0,0,0,0,200,473.15
 IV-1-537,Cr,1.08,0.25,0.53,1.46,0.33,0.06,0,0,0,0,0,0,0,0,0,0,0,200,473.15
 IV-1-539,Cr12,1.58,0.25,0.31,13.3,0.14,0,0,0,0,0,0,0,0,0,0,0,0,-70,203.15
 IV-1-545,W5,1.32,0.5,0.28,0.22,0,0,5.51,0.04,0,0,0.15,0,0,0,0,0,0,270,543.15
 IV-1-546,9V,0.87,0,0.3,0,0,0,0,0,0,0,0,0,0,0,0,0,0,220,493.15
 IV-1-547,V,1,0.25,0.2,0,0,0,0,0.27,0,0,0,0,0,0,0,0,0,200,473.15
 IV-1-548,9MnMo,0.97,0,1.04,0,0,0.32,0,0.25,0,0,0,0,0,0,0,0,0,170,443.15
 IV-1-549,9Mn2V,0.94,0.25,1.86,0,0,0,0,0.16,0,0,0,0,0,0,0,0,0,230,503.15
 IV-1-550,85CrV,0.83,0.26,0.4,0.63,0.25,0,0,0.17,0,0,0,0,0,0,0,0,0,215,488.15
 IV-1-551,9CrV,0.86,0.34,0.36,1.62,0.58,0,0,0.17,0,0,0,0,0,0,0,0,0,215,488.15
 IV-1-552,9CrV,0.87,0,0,1.63,0,0,0,0.18,0,0,0,0,0,0,0,0,0,185,458.15
 IV-1-553,9Cr2W,0.87,0.33,0.26,2.02,0.13,0,0.36,0,0,0,0,0,0,0,0,0,0,230,503.15
 IV-1-554,CrW3,0.82,0,0,1.39,0,0,3.23,0,0,0,0,0,0,0,0,0,0,205,478.15
 IV-1-556,5CrMnMo,0.58,0.4,1.17,0.76,0.34,0.21,0,0,0,0,0,0,0,0,0,0,0,225,498.15
 IV-1-557,CrMnV,1.42,0.37,0.61,1.37,0,0,0,0.18,0,0,0,0,0,0,0,0,0,220,493.15
 IV-1-558,CrMnV,1.42,0.37,0.61,1.37,0,0,0,0.18,0,0,0,0,0,0,0,0,0,110,383.15
 IV-1-559,5CrNiTi,0.52,0.18,0.56,1.15,1.66,0,0,0,0,0,0,0,0.12,0,0,0,0,230,503.15
 IV-1-560,9CrWMn,0.86,0.26,1.18,0.5,0,0,0.44,0,0,0,0,0,0,0,0,0,0,205,478.15
 IV-1-561,9CrWMn,0.93,0.23,1.17,0.54,0,0,0.77,0.14,0,0,0,0,0,0,0,0,0,205,478.15
 IV-1-562,CrWMn,1.03,0.19,0.98,1.03,0,0,1.68,0,0,0,0,0,0,0,0,0,0,210,483.15
 IV-1-563,CrWMn,1.03,0.28,0.97,1.05,0.13,0,1.15,0,0,0,0.25,0,0,0,0,0,0,245,518.15
 IV-1-564,CrWMn,1.03,0.28,0.97,1.05,0.13,0,1.15,0,0,0,0.25,0,0,0,0,0,0,155,428.15
 IV-1-565,9Cr2MoV,0.85,0.35,0.29,2,0,0.26,0,0.21,0,0,0,0,0,0,0,0,0,230,503.15
 IV-1-566,Cr5MoV,0.97,0.4,0.48,4.58,0,1.04,0,0.25,0,0,0,0,0,0,0,0,0,170,443.15
 IV-1-567,Cr5MoV,0.99,0.32,0.82,4.78,0,1.04,0,0.23,0,0,0,0,0,0,0,0,0,180,453.15
 IV-1-568,Cr5MoV,1,0.3,0.6,5.3,0,1.1,0,0.2,0,0,0,0,0,0,0,0,0,170,443.15
 IV-1-570,Cr12MoV,1.5,0.3,0.25,11.5,0,0.8,0,0.2,0,0,0,0,0,0,0,0,0,230,503.15
 IV-1-571,Cr12MoV,1.55,0.45,0.27,11.34,0,0.53,0,0.24,0,0,0,0,0,0,0,0,0,230,503.15
 IV-1-572,Cr12MoV,1.35,0.3,0.5,12,0,0.8,0,0.9,0,0,0,0,0,0,0,0,0,210,483.15
 IV-1-573,Cr12MoV,1.56,0,0,12.46,0.26,0.54,0.28,0.65,0,0,0.1,0,0,0,0,0,0,185,458.15
 IV-1-574,Cr12MoWV,1.78,11.7,0,0,0.35,0.61,0.63,0.09,0,0,0,0,0,0,0,0,0,255,528.15
 IV-1-575,9MnCrWV,0.95,0.3,1.2,0.5,0,0,0.5,0.1,0,0,0,0,0,0,0,0,0,225,498.15
 IV-1-576,Mo9Cr4V2,1,0.2,0.3,4,0,8.8,0,2,0,0,0,0,0,0,0,0,0,180,453.15
 IV-1-577,W9Cr4V2,0.9,0.2,0.2,4.1,0,0.2,9.25,0,0,0,0,0,0,0,0,0,0,200,473.15
 IV-1-578,W12Cr4V2,0.87,0.27,0.32,3.99,0.11,0.8,11.91,2.52,0,0,0,0,0,0,0,0,0,210,483.15
 IV-1-579,W12Cr4V2,0.87,0.27,0.32,3.99,0.11,0.6,11.91,2.52,0,0,0,0,0,0,0,0,0,155,428.15
 IV-1-580,W12Cr4V4,1.23,0,0,4.02,0,0,12.51,3.6,0,0,0,0,0,0,0,0,0,200,473.15
 IV-1-581,W18Cr4V,0.72,0.39,0.27,4.09,0,0,18.59,1.25,0,0,0,0,0,0,0,0,0,190,463.15
 IV-1-582,W18Cr4V,0.73,0.33,0.21,4.39,0,0.18,17.8,1.09,0,0,0,0,0,0,0,0,0,220,493.15
 IV-1-583,W18Cr4V,0.81,0.15,0.33,3.77,0.12,0.44,18.25,1.07,0,0,0,0,0,0,0,0,0,160,433.15
 IV-1-584,W18Cr4V,0.81,0.15,0.33,3.77,0.12,0.44,18.25,1.07,0,0,0,0,0,0,0,0,0,140,413.15
 IV-1-585,W18Cr4V,0.81,0.23,0.17,4.23,0,0,17.6,1.08,0,0,0,0,0,0,0.05,0,0,220,493.15
 IV-1-586,W18Cr4V,0.83,0.18,0.3,4.4,0,0,18.3,1.26,0,0,0,0,0,0,0,0,0,180,453.15
 IV-1-587,W18Cr4VCo5,0.72,0.43,0.23,4.04,0,0,18.38,1.21,0,0,0,0,0,0,4.72,0,0,185,458.15
 IV-1-588,W18Cr4V2Co5,0.8,0.23,0.3,4.34,0,0.78,17.89,1.52,0,0,0,0,0,0,4.52,0,0,180,453.15
 IV-1-589,W18Cr4V2MoCo5,0.8,0.23,0.3,4.34,0,0.78,17.89,1.52,0,0,0,0,0,0,4.52,0,0,130,403.15
 IV-1-590,W18Cr4V2MoCo5,0.9,0,0,4.5,0,1,18,2,0,0,0,0,0,0,5,0,0,210,483.15
 IV-1-591,W10Cr4V4Co5,1.49,0,0,4.06,0,0,10.62,4.44,0,0,0,0,0,0,4.8,0,0,170,443.15
 IV-1-592,Cr3Mo8W2V,0.82,0.3,0.3,3.8,0,8.7,1.6,1.1,0,0,0,0,0,0,0,0,0,230,503.15
 IV-1-593,Cr4Mo2W3V2,0.97,0.31,0.18,4.11,0.25,2.61,3.23,2.51,0,0,0,0,0,0,0,0,0,165,438.15
 IV-1-594,Cr4Mo2W3V2,0.97,0.31,0.18,4.11,0.25,2.61,3.23,2.51,0,0,0,0,0,0,0,0,0,150,423.15
 IV-1-595,Cr4Mo2W3V2,0.95,0,0,4.34,0,2.59,2.88,2.42,0,0,0,0,0,0,0,0,0,200,473.15
 IV-1-596,Cr4Mo5W6V2,0.8,0.27,0.23,4.07,0,6.09,5.7,1.65,0,0,0,0,0,0,0,0,0,190,463.15
 IV-1-597,Cr4Mo5W6V2,0.83,0.3,0.25,4.15,0,5,6.4,1.9,0,0,0,0,0,0,0,0,0,180,453.15
 IV-1-598,Cr4Mo5W6V2,0.81,0.26,0.24,4.1,0,4.69,5.95,1.04,0,0,0,0,0,0,0,0,0,220,493.15
 IV-1-599,Cr4Mo5W6V2,0.85,0.3,0.31,4.15,0.18,4.79,6.34,2.01,0,0,0,0,0,0,0,0,0,190,463.15
 IV-1-600,Cr4Mo5W6V2,0.85,0.3,0.31,4.15,0.18,4.79,6.34,2.01,0,0,0,0,0,0,0,0,0,140,413.15
 IV-1-601,Cr4Mo5W6V,0.83,0.25,0.32,3.89,0,4.3,5.79,1.3,0,0,0,0,0,0,0,0,0,180,453.15
 IV-1-602,Cr4Mo5W6V2,0.87,0.2,0.3,4.2,0,5,6.4,1.9,0,0,0,0,0,0,0,0,0,230,503.15
 IV-1-603,Cr3MoW2V1Co2,0.4,0.2,0.3,3.3,0,1.3,2.5,1.3,0,0,0,0,0,0,1.7,0,0,350,623.15
 IV-1-604,Cr4Mo5W6V2Co5,0.9,0.3,0.3,4.2,0,5,6.4,1.9,0,0,0,0,0,0,4.8,0,0,220,493.15
 IV-1-605,Cr4Mo5W6V2Co5,0.81,0.31,4.11,4.11,0,4.27,5.46,1.51,0,0,0,0,0,0,5.22,0,0,180,453.15
 IV-1-606,Cr4Mo9W2VCo8,1,0.2,3.9,3.9,0,9.4,1.5,1.15,0,0,0,0,0,0,8,0,0,220,493.15
 IV-1-607,Cr4Mo5W6V3Co10,1.2,0.3,4.1,4.1,0,5,6.4,3.4,0,0,0,0,0,0,10.2,0,0,225,498.15
 IV-1-608,0Cr13,0.06,0,0,12.8,0,0,0,0,0,0,0,0,0,0,0,0,0,370,643.15
 IV-1-609,0Cr13,0.07,0.3,0.21,12.3,0.09,0,0,0,0,0,0,0,0,0,0,0,0,370,643.15
 IV-1-610,0Cr13,0.08,0.22,0.43,11.28,0.35,0.05,0,0,0,0,0,0,0,0,0,0,0,380,653.15
 IV-1-611,0Cr13,0.09,0.29,0.44,12.66,0,0,0,0,0,0,0,0,0,0,0,0,0,350,623.15
 IV-1-612,1Cr13,0.1,0,0,12.4,0,0,0,0,0,0,0,0,0,0,0,0,0,340,613.15
 IV-1-613,1Cr13,0.11,0.45,0.49,12,0.13,0.02,0,0.02,0,0,0,0,0,0,0,0,0,350,623.15
 IV-1-614,1Cr13,0.11,0.31,0.62,13.24,0.15,0.02,0,0,0,0,0,0,0,0,0,0,0,335,608.15
 IV-1-615,1Cr13,0.11,0.37,0.44,12.18,0.16,0.02,0,0,0,0,0,0,0,0,0,0,0,350,623.15
 IV-1-616,1Cr13,0.12,0,0,12.3,0,0,0,0,0,0,0,0,0,0,0,0,0,335,608.15
 IV-1-617,1Cr13,0.13,0.52,0.33,12.5,0.12,0,0,0,0,0,0,0,0,0,0,0,0,300,573.15
 IV-1-618,1Cr13,0.13,0.52,0.33,12.5,0.12,0,0,0,0,0,0,0,0,0,0,0,0,295,568.15
 IV-1-619,2Cr13,0.24,0.37,0.27,13.32,0.32,0.06,0,0,0,0,0,0,0,0,0,0,0,320,593.15
 IV-1-620,3Cr13,0.25,0.37,0.29,13.4,0.13,0,0,0,0,0,0,0,0,0,0,0,0,240,513.15
 IV-1-621,3Cr13,0.25,0.37,0.29,13.4,0.13,0,0,0,0,0,0,0,0,0,0,0,0,190,463.15
 IV-1-622,3Cr13Si,0.29,0.85,0.4,13.32,0.18,0.08,0,0,0,0,0,0,0,0,0,0,0,270,543.15
 IV-1-623,4Cr13,0.35,0,0.45,13,0,0.1,0,0,0,0,0,0,0,0,0,0,0,300,573.15
 IV-1-624,4Cr13,0.44,0.3,0.2,13.12,0.31,0.01,0,0.02,0,0,0.99,0,0,0,0,0,0,270,543.15
 IV-1-625,4Cr13,0.44,0.3,0.2,13.12,0.31,0.01,0,0.02,0,0,0.09,0,0,0,0,0,0,145,418.15
 IV-1-626,4Cr13,0.45,0.32,0.4,13.8,0.12,0,0,0,0,0,0,0,0,0,0,0,0,250,523.15
 IV-1-627,Cr17,0.09,0.33,0.4,17.2,0.34,0,0,0,0,0,0,0,0,0,0,0,0.09,160,433.15
 IV-1-631,Cr13Ni2,0.1,0.8,0.8,12.05,1.86,0,0,0,0.02,0.03,0,0,0,0,0,0,0,270,543.15
 IV-1-632,Cr20N,0.17,0.56,0.56,20.96,0.35,0,0,0,0,0,0,0,0,0,0,0,0.12,130,403.15
 IV-1-634,1Cr17Ni2,0.16,0,0,16.42,2.44,0,0,0,0,0,0,0,0,0,0,0,0,150,423.15
 IV-1-635,1Cr12Ni2WMoV,0.12,0.24,0.34,11.3,1.77,0.43,1.6,0.27,0,0,0,0,0,0,0,0,0,270,543.15
 IV-1-636,1Cr12Ni2WMoV,0.12,0.24,0.34,11.3,1.77,0.43,1.6,0.27,0,0,0,0,0,0,0,0,0,325,598.15
 IV-1-637,2Cr12NiMoWV,0.22,0.35,0.52,12,0.59,1.35,0.31,0.31,0.014,0.011,0,0,0,0,0,0,0,270,543.15
 IV-1-638,Cr5Mo,0.11,0.44,0.38,5.46,0,0.42,0,0,0.007,0.017,0,0,0,0,0,0,0,430,703.15
 IV-1-639,Cr7Mo,0.15,0.5,0.3,7,0,0.5,0,0,0,0,0,0,0,0,0,0,0,405,678.15
 IV-1-642,Mn13,1.18,0.26,12.28,0,0,0,0,0,0,0,0,0,0,0,0,0,0,-200,73.15
