页数,图号,钢号,C,Si,Mn,P,S,Al,Cr,Cu,N,Ni,W,V,Ti,B,Co,Mo,O,Sn,Nb,Re,Ms/°C,Ms (K)
71,碳素结构钢,8,0.06,0,0.43,0,0,0,0,0,0,0,0,0,0,0,0,0,0,0,0,0,480,753.15
73,碳素结构钢,30,0.35,0,0.37,0,0,0,0,0,0,0,0,0,0,0,0,0,0,0,0,0,380,653.15
74,碳素结构钢,35,0.35,0,0.3,0,0,0,0,0,0,0,0,0,0,0,0,0,0,0,0,0,350,623.15
75,碳素结构钢,40,0.42,0,0.61,0,0,0,0,0,0,0,0,0,0,0,0,0,0,0,0,0,215,488.15
77,碳素结构钢,45,0.44,0.22,0.66,0,0,0,0.15,0,0,0,0,0,0,0,0,0,0,0,0,0,350,623.15
78,碳素结构钢,50,0.46,0.19,0.8,0,0,0,0.13,0,0,0.17,0,0,0,0,0,0,0,0,0,0,350,623.15
79,碳素结构钢,50,0.5,0.53,0.23,0,0,0,0,0,0,0,0,0,0,0,0,0,0,0,0,0,320,593.15
80,碳素结构钢,55,0.54,0,0.46,0,0,0,0,0,0,0,0,0,0,0,0,0,0,0,0,0,290,563.15
81,碳素结构钢,60,0.63,0.4,0.65,0,0,0,0.13,0.2,0,0,0,0,0,0,0,0,0,0,0,0,270,543.15
82,高锰碳结钢,30Mn,0.3,0.46,0.75,0,0,0,0,0,0,0,0,0,0,0,0,0,0,0,0,0,340,613.15
83,高锰碳结钢,40Mn,0.45,0.26,0.67,0,0,0,0,0,0,0,0,0,0,0,0,0.009,0,0,0,0,250,523.15
84,高锰碳结钢,50Mn,0.5,0,0.91,0,0,0,0,0,0,0,0,0,0,0,0,0,0,0,0,0,320,593.15
85,高锰碳结钢,60Mn,0.63,0.17,0.87,0.023,0.018,0,0.04,0,0,0.02,0,0,0,0,0,0,0,0,0,0,280,553.15
89,低合金钢,16Mn,0.19,0.53,1.38,0.013,0.022,0,0,0,0,0,0,0,0.02,0,0,0,0,0,0,0,410,683.15
90,低合金钢,VTi,0.655,0.785,1.025,0.0275,0.016,0,0,0,0,0,0,0.1435,0.0385,0,0,0,0,0,0,0,247.5,520.65
91,低合金钢,15MnTi,0.17,0.4,1.48,0.016,0.024,0,0,0,0,0,0,0,0.148,0,0,0,0,0,0,0,390,663.15
92,低合金钢,44Mn2Si,0.47,1.25,1.55,0.04,0.04,0,0,0,0,0,0,0,0,0,0,0,0,0,0,0,285,558.15
94,低合金钢,18MnMoNb,0.19,0.27,1.3,0.013,0.008,0,0.24,0,0,0.25,0,0,0,0,0,0.53,0,0,0.04,0,430,703.15
95,低合金钢,45MnSiV,0.47,1.3,1.25,0.04,0.04,0,0,0,0,0,0,0.085,0,0,0,0,0,0,0,0,295,568.15
96,低合金钢,65MnSiV,0.63,1.3,1.15,0.04,0.045,0,0,0,0,0,0,0.075,0,0,0,0,0,0,0,0,255,528.15
97,低合金钢,14MnVTiRe,0.14,0.48,1.52,0.011,0.004,0,0,0,0,0,0,0.071,0.12,0,0,0,0,0,0,0.016,400,673.15
98,低合金钢,55MnCuRe,0.55,0.95,1.075,0.04,0.04,0,0,0.35,0,0,0,0,0,0,0,0,0,0,0,0.125,240,513.15
101,合金结构钢,20Mn2,0.2,0.3,1.88,0.018,0.022,0,0.04,0,0,0.03,0,0,0,0,0,0.02,0,0,0,0,370,643.15
104,合金结构钢,30Mn2,0.33,0.23,1.54,0,0,0,0.15,0,0,0.18,0,0,0,0,0,0,0,0,0,0,345,618.15
105,合金结构钢,35Mn2,0.35,0,1.85,0,0,0,0,0,0,0,0,0,0,0,0,0,0,0,0,0,322.5,595.65
106,合金结构钢,40Mn2,0.4,0.4,2.06,0,0,0,0.11,0,0,0.05,0,0,0,0,0,0,0,0,0,0,320,593.15
107,合金结构钢,40Mn2,0.4,0.3,1.88,0.018,0.022,0,0.04,0,0,0.03,0,0,0,0,0,0.02,0,0,0,0,340,613.15
108,合金结构钢,42Mn2,0.42,0.21,1.8,0.013,0.02,0,0,0,0,0,0,0,0,0,0,0,0,0,0,0,260,533.15
109,合金结构钢,45Mn2,0.48,0.28,1.98,0,0,0,0,0,0,0,0,0,0,0,0,0,0,0,0,0,300,573.15
110,合金结构钢,50Mn2,0.51,0.04,1.56,0,0,0,0,0,0,0,0,0,0,0,0,0,0,0,0,0,325,598.15
111,合金结构钢,20Cr,0.2,0.3,0.72,0,0,0,0.79,0,0,0.27,0,0,0,0,0,0,0,0,0,0,382.5,655.65
112,合金结构钢,30Cr,0.32,0.3,0.76,0,0,0,1.08,0,0,0.26,0,0,0,0,0,0,0,0,0,0,350,623.15
113,合金结构钢,35Cr,0.36,0.25,0.49,0,0,0,1.51,0,0,0.21,0,0,0,0,0,0,0,0,0,0,345,618.15
114,合金结构钢,38CrA,0.38,0.27,0.65,0.02,0.02,0,0.95,0,0,0.35,0,0,0,0,0,0,0,0,0,0,250,523.15
115,合金结构钢,40Cr,0.42,0,0.68,0,0,0,0.93,0,0,0.07,0,0,0,0,0,0,0,0,0,0,342.5,615.65
116,合金结构钢,45Cr,0.44,0,0.74,0,0,0,1.04,0,0,0,0,0,0,0,0,0,0,0,0,0,305,578.15
117,合金结构钢,45Cr3,0.43,0.14,0.04,0,0,0.14,3.52,0,0,0,0,0,0,0,0,0,0,0,0,0,330,603.15
118,合金结构钢,30Ni,0.33,0.21,0.62,0,0,0,0,0,0,0.89,0,0,0,0,0,0.05,0,0,0,0,365,638.15
119,合金结构钢,40Ni,0.41,0.32,0.78,0.02,0.025,0,0.21,0,0,0.95,0,0,0,0,0,0.18,0,0,0,0,325,598.15
120,合金结构钢,40Ni,0.39,0.2,0.86,0,0,0,0.13,0,0,1.12,0,0,0,0,0,0,0,0,0,0,330,603.15
121,合金结构钢,50Ni,0.48,0,0.59,0,0,0,0,0,0,1.08,0,0,0,0,0,0,0,0,0,0,320,593.15
122,合金结构钢,55Ni,0.55,0.31,0.6,0.028,0.021,0,0.34,0,0,0.7,0,0,0,0,0,0.11,0,0,0,0,290,563.15
123,合金结构钢,10Ni2,0.08,0.16,0.29,0,0,0,0,0,0,2.06,0,0,0,0,0,0.02,0,0,0,0,425,698.15
124,合金结构钢,12Ni3,0.11,0.21,0.36,0,0,0,0,0,0,2.8,0,0,0,0,0,0.09,0,0,0,0,425,698.15
125,合金结构钢,12Ni3,0.95,0.25,0.4,0,0,0,0,0,0,2.95,0,0,0,0,0,0.08,0,0,0,0,120,393.15
126,合金结构钢,25Ni3,0.28,0.41,0.69,0,0,0,0.12,0,0,3.3,0,0,0,0,0,0.03,0,0,0,0,150,423.15
127,合金结构钢,30Ni3,0.3,0.32,0.51,0,0,0,0.07,0,0,3.03,0,0,0,0,0,0,0,0,0,0,340,613.15
128,合金结构钢,35Ni3,0.33,0.23,0.74,0,0,0,0.07,0,0,3.47,0,0,0,0,0,0,0,0,0,0,310,583.15
129,合金结构钢,40Ni3,0.4,0.31,0.89,0,0,0,0.11,0,0,3.34,0,0,0,0,0,0,0,0,0,0,280,553.15
130,合金结构钢,13Ni5,0.14,0,0,0,0,0,0,0,0,5.2,0,0,0,0,0,0,0,0,0,0,350,623.15
131,合金结构钢,40Ni5,0.43,0.24,0.43,0,0,0,0.04,0,0,5,0,0,0,0,0,0,0,0,0,0,260,533.15
132,合金结构钢,15Mo,0.123,0,0,0,0,0,0,0.177,0,0,0,0,0,0,0,0.55,0,0,0,0,550,823.15
133,合金结构钢,20Mo,0.22,0,0.79,0,0,0,0,0,0,0,0,0,0,0,0,0.5,0,0,0,0,450,723.15
134,合金结构钢,35Mo,0.39,0,0.57,0,0,0,0,0,0,0,0,0,0,0,0,0.49,0,0,0,0,268,541.15
135,合金结构钢,40Mo,0.42,0,0.55,0,0,0,0,0,0,0,0,0,0,0,0,0.71,0,0,0,0,293,566.15
136,合金结构钢,40B,0.45,0.3,0.68,0.026,0.035,0,0,0,0,0,0,0,0,0.0043,0,0,0,0,0,0,250,523.15
137,合金结构钢,45B,0.48,0.3,0.68,0,0,0,0,0,0,0,0,0,0,0.0043,0,0,0,0,0,0,300,573.15
138,合金结构钢,50B,0.51,0,0,0,0,0,0,0,0,0,0,0,0,0.0025,0,0,0,0,0,0,280,553.15
139,合金结构钢,60B,0.63,0.4,0.65,0,0,0,0.13,0.2,0,0,0,0,0,0.002,0,0,0,0,0,0,270,543.15
140,合金结构钢,27SiMn,0.29,1.3,1.33,0,0,0,0,0.1,0,0.12,0,0,0,0,0,0,0,0,0,0,352.5,625.65
141,合金结构钢,35SiMn,0.38,1.05,1.14,0.035,0.019,0,0.23,0,0,0,0,0.02,0,0,0,0,0,0,0,0,330,603.15
142,合金结构钢,45Mn2Si,0.45,1.34,1.5,0,0,0,0.03,0,0,0,0,0.04,0,0,0,0,0,0,0,0,290,563.15
143,合金结构钢,15CrMn,0.16,0.22,1.12,0,0,0,0.99,0,0,0,0,0,0,0,0,0,0,0,0,0,400,673.15
144,合金结构钢,20CrMn,0.23,0.37,1.13,0,0,0,1.17,0,0,0,0,0,0,0,0,0,0,0,0,0,360,633.15
145,合金结构钢,20CrMn,0.95,0.37,1.13,0,0,0,1.17,0,0,0,0,0,0,0,0,0,0,0,0,0,130,403.15
148,合金结构钢,40CrMn,0.41,0.27,0.9,0,0,0,1.04,0,0,0.04,0,0,0,0,0,0,0,0,0,0,350,623.15
149,合金结构钢,50CrMn,0.48,0.25,0.85,0,0,0,0.98,0,0,0.18,0,0,0,0,0,0,0,0,0,0,300,573.15
150,合金结构钢,35CrMn2,0.39,0.56,1.44,0,0,0,0.53,0,0,0,0,0,0,0,0,0,0,0,0,0,296.5,569.65
151,合金结构钢,50CrMn2,0.48,0.59,1.3,0,0,0,0.54,0,0,0.06,0,0,0,0,0,0,0,0,0,0,290,563.15
152,合金结构钢,20MnMo,0.24,0.47,0.94,0,0,0,0.34,0,0,0,0,0,0,0,0,0.14,0,0,0,0,380,653.15
153,合金结构钢,45MnMo,0.43,0.23,0.9,0,0,0,0.27,0,0,0,0,0,0,0,0,0.26,0,0,0,0,320,593.15
154,合金结构钢,50MnMo,0.52,0.3,1.18,0,0,0,0.13,0,0,0,0,0,0,0,0,0.3,0,0,0,0,290,563.15
155,合金结构钢,30Mn2Mo,0.3,0.49,1.63,0,0,0,0.44,0,0,0,0,0,0,0,0,0.33,0,0,0,0,350,623.15
156,合金结构钢,35Mn2Mo,0.33,0.18,1.48,0,0,0,0.16,0,0,0,0,0,0,0,0,0.27,0,0,0,0,340,613.15
157,合金结构钢,40Mn2Mo,0.4,0.14,1.89,0.015,0.032,0,0,0,0,0,0,0,0,0,0,0.54,0,0,0,0,290,563.15
158,合金结构钢,38CrSi,0.36,1.19,0.45,0,0,0,1.65,0,0,0,0,0,0,0,0,0,0,0,0,0,330,603.15
159,合金结构钢,40CrSi,0.4,1.52,0.42,0,0,0,1.24,0,0,0,0,0.12,0,0,0,0,0,0,0,0,325,598.15
160,合金结构钢,18CrMo,0.18,0.21,0.62,0,0,0,0.81,0,0,0,0,0,0,0,0,0.27,0,0,0,0,380,653.15
161,合金结构钢,18CrMo,1.08,0.21,0.62,0,0,0,0.81,0,0,0,0,0,0,0,0,1.27,0,0,0,0,100,373.15
162,合金结构钢,20CrMo,0.18,0.31,0.79,0,0,0,0.56,0,0,0.52,0,0,0,0,0,0.19,0,0,0,0,250,523.15
163,合金结构钢,20CrMo,0.22,0.25,0.64,0,0,0,0.97,0,0,0,0,0,0,0,0,0.23,0,0,0,0,400,673.15
164,合金结构钢,25CrMo,0.25,0.22,0.62,0,0,0,1.05,0,0,0,0,0,0,0,0,0.24,0,0,0,0,365,638.15
165,合金结构钢,30CrMo,0.3,0.22,0.84,0,0,0,1.01,0,0,0,0,0,0,0,0,0.24,0,0,0,0,385,658.15
166,合金结构钢,30CrMo,0.33,0,0.53,0,0,0,0.9,0,0,0,0,0,0,0,0,0.18,0,0,0,0,345,618.15
167,合金结构钢,30CrMo,0.27,0.13,0.6,0,0,0,0.74,0,0,0,0,0,0,0,0,0.55,0,0,0,0,390,663.15
168,合金结构钢,35CrMo,0.35,0,0,0,0,0,1.15,0,0,0,0,0,0,0,0,0.25,0,0,0,0,330,603.15
169,合金结构钢,35CrMo,0.38,0.23,0.64,0,0,0,0.99,0,0,0,0,0,0,0,0,0.16,0,0,0,0,313,586.15
170,合金结构钢,40CrMo,0.41,0.28,0.58,0,0,0,1.39,0,0,0,0,0,0,0,0,0.74,0,0,0,0,320,593.15
171,合金结构钢,42CrMo,0.41,0.23,0.67,0,0,0,1.01,0,0,0,0,0,0,0,0,0.23,0,0,0,0,340,613.15
172,合金结构钢,45CrMo,0.44,0.22,0.6,0,0,0,1.19,0,0,0,0,0,0,0,0,0.37,0,0,0,0,320,593.15
173,合金结构钢,50CrMo,0.5,0.32,0.8,0,0,0,1.04,0,0,0,0,0,0,0,0,0.24,0,0,0,0,290,563.15
174,合金结构钢,55CrMo,0.55,0,0.6,0,0,0,1.03,0,0,0,0,0,0,0,0,0.19,0,0,0,0,275,548.15
175,合金结构钢,12Cr2Mo,0.15,0.44,0.36,0,0,0,2.24,0,0,0,0,0,0,0,0,0.85,0,0,0,0,380,653.15
176,合金结构钢,25Cr3Mo,0.26,0.21,0.55,0,0,0,3.34,0,0,0,0,0,0,0,0,0.54,0,0,0,0,360,633.15
177,合金结构钢,30CrAl,0.3,0.28,0.77,0,0,0.98,1.5,0,0,0,0,0,0,0,0,0,0,0,0,0,360,633.15
178,合金结构钢,20CrNi,0.2,0.15,0.71,0,0,0,0.8,0,0,1.13,0,0,0,0,0,0,0,0,0,0,410,683.15
179,合金结构钢,20CrNi,0.96,0.26,0.74,0,0,0,0.81,0,0,1.19,0,0,0,0,0,0,0,0,0,0,120,393.15
180,合金结构钢,40CrNi,0.38,0.21,0.72,0,0,0,0.5,0,0,1.3,0,0,0,0,0,0,0,0,0,0,220,493.15
181,合金结构钢,50CrNi,0.5,0.4,0.7,0,0,0,0.52,0,0,0.48,0,0,0,0,0,0,0,0,0,0,300,573.15
182,合金结构钢,12CrNi2,0.11,0.3,0.5,0,0,0,0.64,0,0,1.59,0,0,0,0,0,0,0,0,0,0,405,678.15
183,合金结构钢,15CrNi2,0.15,0.3,0.55,0,0,0,0.82,0,0,1.3,0,0,0,0,0,0,0,0,0,0,385,658.15
184,合金结构钢,20CrNi2,0.19,0.3,0.55,0,0,0,0.31,0,0,1.52,0,0,0,0,0,0,0,0,0,0,375,648.15
185,合金结构钢,12CrNi3,0.11,0.13,0.33,0,0,0,0.87,0,0,3.26,0,0,0,0,0,0,0,0,0,0,420,693.15
186,合金结构钢,12CrNi3,1,0.12,0.3,0,0,0,0.9,0,0,3.27,0,0,0,0,0,0,0,0,0,0,100,373.15
187,合金结构钢,20CrNi3A,0.17,0,0,0,0,0,0.9,0,0,3.33,0,0,0,0,0,0,0,0,0,0,330,603.15
189,合金结构钢,30CrNi3,0.29,0.06,0.21,0,0,0,1.45,0,0,3.25,0,0,0,0,0,0,0,0,0,0,230,503.15
190,合金结构钢,30CrNi3,0.32,0.2,0.3,0,0,0,0.69,0,0,2.95,0,0,0,0,0,0,0,0,0,0,320,593.15
191,合金结构钢,37CrNi3A,0.35,0,0,0,0,0,1.5,0,0,3.5,0,0,0,0,0,0,0,0,0,0,295,568.15
192,合金结构钢,37CrNi3A,0.39,0,0,0,0,0,1.49,0,0,2.9,0,0,0,0,0,0,0,0,0,0,290,563.15
195,合金结构钢,12Cr2Ni2,0.13,0.31,0.51,0,0,0,1.5,0,0,1.55,0,0,0,0,0,0,0,0,0,0,440,713.15
196,合金结构钢,15Cr2Ni2,0.16,0.31,0.5,0,0,0,1.95,0,0,2.02,0,0,0,0,0,0,0,0,0,0,450,723.15
197,合金结构钢,20Cr2Ni2,0.21,0.33,0.5,0,0,0,1.99,0,0,2.08,0,0,0,0,0,0,0,0,0,0,330,603.15
198,合金结构钢,20Cr2Ni2,0.9,0.33,0.5,0,0,0,1.99,0,0,2.08,0,0,0,0,0,0,0,0,0,0,110,383.15
202,合金结构钢,12Cr2Ni4A,0.15,0.2,0.45,0,0,0,1.54,0,0,4.03,0,0,0,0,0,0.03,0,0,0,0,380,653.15
203,合金结构钢,12Cr2Ni4A,0.89,0.19,0.39,0,0,0,1.58,0,0,4,0,0,0,0,0,0,0,0,0,0,185,458.15
204,合金结构钢,20Cr2Ni4A,0.2,0.27,0.45,0,0,0,1.5,0,0,3.5,0,0,0,0,0,0,0,0,0,0,325,598.15
205,合金结构钢,20Cr2Ni4A,0.9,0.27,0.45,0,0,0,1.5,0,0,3.5,0,0,0,0,0,0,0,0,0,0,120,393.15
206,合金结构钢,35Cr2Ni4,0.36,0.32,0.53,0,0,0,1.86,0,0,3.74,0,0,0,0,0,0,0,0,0,0,265,538.15
207,合金结构钢,40Cr2Ni4,0.42,0.41,0.6,0,0,0,1.25,0,0,4.4,0,0,0,0,0,0,0,0,0,0,240,513.15
208,合金结构钢,15NiMo,0.16,0.18,0.53,0,0,0,0,0,0,1.56,0,0,0,0,0,0.25,0,0,0,0,425,698.15
209,合金结构钢,15NiMo,0.17,0.26,0.57,0,0,0,0.13,0,0,1.73,0,0,0,0,0,0.2,0,0,0,0,330,603.15
210,合金结构钢,15NiMo,0.99,0.29,0.56,0,0,0,0,0,0,1.64,0,0,0,0,0,0.29,0,0,0,0,130,403.15
211,合金结构钢,30NiMo,0.32,0.31,0.74,0,0,0,0,0,0,1.7,0,0,0,0,0,0.23,0,0,0,0,340,613.15
212,合金结构钢,40NiMo,0.36,0,0,0,0,0,0,0,0,1.8,0,0,0,0,0,0.2,0,0,0,0,340,613.15
219,合金结构钢,60MnB,0.63,0.17,0.87,0.023,0.018,0,0.04,0,0,0.02,0,0,0,0.0018,0,0,0,0,0,0,280,553.15
220,合金结构钢,20Mn2B,0.21,0.25,2.04,0.01,0.023,0,0.04,0,0,0.03,0,0,0,0.0015,0,0.02,0,0,0,0,370,643.15
221,合金结构钢,20Mn2B,0.21,0,2.04,0,0,0,0,0,0,0,0,0,0,0.0015,0,0,0,0,0,0,390,663.15
222,合金结构钢,20Mn2B,0,0,2.04,0,0,0,0,0,0,0,0,0,0,0.0015,0,0,0,0,0,0,175,448.15
223,合金结构钢,40Mn2B,0.4,0.25,2.04,0.01,0.023,0,0.04,0,0,0.03,0,0,0,0.0015,0,0.02,0,0,0,0,347,620.15
224,合金结构钢,35Mn2V,0.35,0.28,1.65,0,0,0,0.27,0,0,0.15,0,0,0,0,0,0,0,0,0,0,320,593.15
225,合金结构钢,42Mn2V,0.43,0.28,1.67,0.027,0.008,0,0.32,0.06,0,0.11,0,0.1,0,0,0,0,0,0,0,0,310,583.15
226,合金结构钢,15CrV,0.15,0.48,0.67,0,0,0,1.2,0,0,0,0,0.31,0,0,0,0,0,0,0,0,435,708.15
227,合金结构钢,30CrV,0.32,0.21,0.4,0,0,0,1.3,0,0,0,0,0.12,0,0,0,0,0,0,0,0,355,628.15
228,合金结构钢,40CrV,0.38,0.21,0.41,0,0,0,1.29,0,0,0,0,0.12,0,0,0,0,0,0,0,0,340,613.15
229,合金结构钢,40CrV,0.43,0.23,0.74,0,0,0,0.92,0,0,0,0,0.15,0,0,0,0,0,0,0,0,218,491.15
230,合金结构钢,45CrV,0.5,0,0.95,0,0,0,1.03,0,0,0,0,0.2,0,0,0,0,0,0,0,0,280,553.15
231,合金结构钢,50CrV,0.51,0.27,0.72,0,0,0,0.94,0,0,0,0,0.2,0,0,0,0,0,0,0,0,320,593.15
232,合金结构钢,35Cr2V,0.36,0.31,0.5,0,0,0,2.2,0,0,0,0,0.28,0,0,0,0,0,0,0,0,310,583.15
233,合金结构钢,45Cr2V,0.44,0.26,0.75,0,0,0,1.7,0,0,0,0,0.09,0,0,0,0,0,0,0,0,300,573.15
234,合金结构钢,27SiMn2Mo,0.29,1.17,1.7,0,0,0,0,0,0,0.1,0,0,0,0,0,0.13,0,0,0,0,340,613.15
235,合金结构钢,15SiMn3MoA,0.157,1.1,3.29,0,0,0,0,0,0,0,0,0,0,0,0,0.625,0,0,0,0,290,563.15
236,合金结构钢,60SiMnMo,0.56,0.74,1.33,0,0,0,0,0,0,0,0,0,0,0,0,0.34,0,0,0,0,264,537.15
237,合金结构钢,20MnNiMo,0.19,0.14,1.37,0,0,0,0,0,0,0.56,0,0,0,0,0,0.31,0,0,0,0,420,693.15
238,合金结构钢,20MnNiCu,0.2,0.38,1.2,0,0,0,0,0.91,0,0.55,0,0,0,0,0,0,0,0,0,0,390,663.15
239,合金结构钢,30CrMnSi,0.28,1,1.1,0,0,0,1,0,0,0,0,0,0,0,0,0,0,0,0,0,365,638.15
240,合金结构钢,30CrMnSi,0.29,1.05,0.98,0,0,0,0.91,0,0,0.13,0,0,0,0,0,0,0,0,0,0,320,593.15
242,合金结构钢,45CrMnSi,0.43,1.38,0.95,0,0,0,1.03,0,0,0.03,0,0,0,0,0,0,0,0,0,0,295,568.15
243,合金结构钢,30CrSiMo,0.28,1.25,0.59,0,0,0,0.92,0,0,0,0,0,0,0,0,0.22,0,0,0,0,350,623.15
244,合金结构钢,45CrSiMo,0.45,1.31,0.55,0,0,0,0.6,0,0,0,0,0,0,0,0,0.22,0,0,0,0,315,588.15
245,合金结构钢,18CrMnNi,0.17,0.22,0.88,0,0,0,0.59,0,0,0.85,0,0,0,0,0,0,0,0,0,0,425,698.15
246,合金结构钢,18CrMnNi,0.92,0.3,0.93,0,0,0,0.57,0,0,0.9,0,0,0,0,0,0,0,0,0,0,170,443.15
247,合金结构钢,38CrMnNi,0.37,0.28,0.89,0,0,0,0.63,0,0,1.24,0,0,0,0,0,0,0,0,0,0,320,593.15
248,合金结构钢,38Cr2MnNi,0.39,0.46,0.93,0,0,0,1.32,0,0,0.7,0,0,0,0,0,0,0,0,0,0,300,573.15
250,合金结构钢,40CrMnMo,0.38,0.27,0.67,0,0,0,1.01,0,0,0.08,0,0,0,0,0,0.18,0,0,0,0,246,519.15
251,合金结构钢,40CrMnMo,0.37,0,0.77,0,0,0,0.98,0,0,0,0,0,0,0,0,0.21,0,0,0,0,246,519.15
252,合金结构钢,60CrMnMo,0.59,0.41,1.42,0,0,0,0.85,0,0,0.1,0,0,0,0,0,0.16,0,0,0,0,220,493.15
253,合金结构钢,35Cr2MnMo,0.34,0.23,1.33,0,0,0,1.93,0,0,0,0,,0,0,0,0.41,0,0,0,0,300,573.15
254,合金结构钢,20Cr2Mn2MoA,0.19,0.26,1.46,0.015,0.006,0,1.84,0,0,0,0,0,0,0,0,0.26,0,0,0,0,310,583.15
255,合金结构钢,18CrMnTi,0.2,0.27,0.95,0.03,0.03,0,1.15,0.25,0,0.2,0,0,0.09,0,0,0,0,0,0,0,365,638.15
256,合金结构钢,18CrMnTi,0.2,0,0.95,0,0,0,1.15,0,0,0,0,0,0.115,0,0,0,0,0,0,0,365,638.15
257,合金结构钢,18CrMnTi,0,0.27,0.95,0.03,0.03,0,1.15,0.25,0,0.2,0,0,0.09,0,0,0,0,0,0,0,145,418.15
259,合金结构钢,40CrMnTi,0.41,0.27,0.95,0.03,0.03,0,1.15,0,0,0.2,0,0,0.09,0,0,0,0,0,0,0,310,583.15
261,合金结构钢,30Mn2MoW,0.3,0.15,1.85,0,0,0,0,0,0,0,0.8,0,0,0,0,0.45,0,0,0,0,340,613.15
262,合金结构钢,40Mn2MoTi,0.4,0.19,1.96,0.013,0.019,0,0,0,0,0,0,0,0.17,0,0,0.48,0,0,0,0,270,543.15
263,合金结构钢,18CrNiMoA,0.185,0,0.55,0,0,0,0.5,0,0,1.6,0,0,0,0,0,0.25,0,0,0,0,360,633.15
264,合金结构钢,18CrNiMoA,0,0,0.55,0,0,0,0.5,0,0,1.6,0,0,0,0,0,0.25,0,0,0,0,110,383.15
265,合金结构钢,20CrNiMo,0.17,0.28,0,0,0,0,0.49,0,0,1.13,0,0,0,0,0,0.13,0,0,0,0,385,658.15
266,合金结构钢,20CrNiMo,1.18,0.28,0,0,0,0,0.49,0,0,1.13,0,0,0,0,0,0.13,0,0,0,0,140,413.15
267,合金结构钢,30CrNiMo,0.31,0.28,0.66,0,0,0,0.72,0,0,1.67,0,0,0,0,0,0.34,0,0,0,0,340,613.15
268,合金结构钢,30CrNiMo,0.33,0.24,0,0,0,0,0.54,0,0,1.22,0,0,0,0,0,0.17,0,0,0,0,340,613.15
269,合金结构钢,35CrNiMo,0.35,0.28,0.49,0.025,0.03,0,1.3,0,0,1.5,0,0,0,0,0,0.18,0,0,0,0,300,573.15
270,合金结构钢,35CrNiMo,0.38,0.2,0,0,0,0,0.95,0,0,1.58,0,0,0,0,0,0.26,0,0,0,0,320,593.15
271,合金结构钢,35CrNiMo,0.32,0,0,0,0,0,1.37,0,0,1.51,0,0,0,0,0,0.5,0,0,0,0,315,588.15
272,合金结构钢,40CrNi1MoA,0.38,0,0,0,0,0,1.56,0,0,1.45,0,0,0,0,0,0.24,0,0,0,0,265,538.15
273,合金结构钢,40CrNiMo,0.42,0,0,0,0,0,0.8,0,0,1.8,0,0,0,0,0,0.3,0,0,0,0,295,568.15
275,合金结构钢,28CrNi2Mo,0.29,0.25,0.54,0.025,0.033,0,1.16,0,0,1.88,0,0.06,0,0,0,0.39,0,0,0,0,337,610.15
276,合金结构钢,30CrNi2Mo,0.3,0.24,0.46,0,0,0,1.44,0.2,0,2,0,0,0,0,0,0.37,0,0,0,0,370,643.15
277,合金结构钢,35CrNi2Mo,0.37,0.26,0.59,0,0,0,0.94,0,0,2.54,0,0,0,0,0,0.12,0,0,0,0,295,568.15
278,合金结构钢,35CrNi2Mo,0.32,0.3,0.58,0,0,0,0.75,0,0,2.35,0,0,0,0,0,0.52,0,0,0,0,310,583.15
279,合金结构钢,40CrNi2Mo,0.405,0,0,0,0,0,0.8,0,0,1.825,0,0,0,0,0,0.25,0,0,0,0,300,573.15
280,合金结构钢,40CrNi2Mo,0.42,0.31,0.67,0,0,0,0.72,0,0,2.53,0,0,0,0,0,0.43,0,0,0,0,290,563.15
281,合金结构钢,12CrNi3Mo,0.11,0.26,0,0,0,0,0.68,0,0,3.02,0,0,0,0,0,0.19,0,0,0,0,385,658.15
282,合金结构钢,30CrNi3Mo,0.3,0.3,0.57,0,0,0,0.86,1,1,3.2,0,0,0,0,0,0.4,0,0,0,0,320,593.15
283,合金结构钢,30CrNi3Mo,0.31,0.28,0.5,0,0,0,1.2,0,0,3.33,0,0,0,0,0,0.5,0,0,0,0,310,583.15
284,合金结构钢,35CrNi3MoA,0.36,0,0,0,0,0,0.91,0,0,2.8,0,0,0,0,0,0.24,0,0,0,0,275,548.15
286,合金结构钢,35Cr2NiMo,0.33,0,0.51,0,0,0,2.32,0,0,0.82,0,0,0,0,0,0.36,0,0,0,0,327,600.15
287,合金结构钢,12CrNi4Mo,0.14,0.19,0,0,0,0,1.11,0,0,3.55,0,0,0,0,0,0.12,0,0,0,0,410,683.15
288,合金结构钢,35CrNi4Mo,0.85,0.24,0,0,0,0,0.84,0,0,3.95,0,0,0,0,0,0.38,0,0,0,0,270,543.15
289,合金结构钢,20Cr2Ni2Mo,0.2,0.23,0,0,0,0,1.65,0,0,2,0,0,0,0,0,0.19,0,0,0,0,390,663.15
290,合金结构钢,20Cr2Ni2Mo,0.93,0.38,0,0,0,0,1.7,0,0,2.1,0,0,0,0,0,0.2,0,0,0,0,200,473.15
291,合金结构钢,35Cr2Ni2Mo,0.32,0.27,0.55,0,0,0,1.8,0,0,1.9,0,0,0,0,0,0.58,0,0,0,0,305,578.15
292,合金结构钢,30Cr2Ni3Mo,0.3,0.1,0.35,0,0,0,1.65,0,0,3,0,0,0,0,0,0.6,0,0,0,0,295,568.15
293,合金结构钢,35Cr2Ni3Mo,0.34,0.37,0.52,0,0,0,1.8,0,0,2.65,0,0,0,0,0,0.53,0,0,0,0,270,543.15
294,合金结构钢,45Cr2Ni3Mo,0.47,0,0,0,0,0,1.4,0,0,3.25,0,0,0,0,0,0.38,0,0,0,0,230,503.15
295,合金结构钢,15Cr2Ni4Mo,0.15,0.2,0,0,0,0,1.16,0,0,4.33,0,0,0,0,0,0.17,0,0,0,0,365,638.15
296,合金结构钢,15Cr2Ni4Mo,0.93,0.3,0,0,0,0,1.18,0,0,4.25,0,0,0,0,0,0.16,0,0,0,0,125,398.15
297,合金结构钢,18Cr2Ni4Mo,0.17,0,0,0,0,0,1.44,0,0,4.4,0,0,0,0,0,0.5,0,0,0,0,370,643.15
298,合金结构钢,35Cr2Ni4Mo,0.36,0.3,0,0,0,0,1.65,0,0,3.7,0,0,0,0,0,0.23,0,0,0,0,265,538.15
299,合金结构钢,30Cr3NiMo,0.31,0.3,0.67,0,0,0,3,0,0,0.94,0,0,0,0,0,0.51,0,0,0,0,320,593.15
301,合金结构钢,18CrNiW,0.16,0.19,0.31,0,0,0,1.5,0,0,4.3,1.8,0,0,0,0,0,0,0,0,0,300,573.15
302,合金结构钢,35CrNi1W,0.36,0.31,0.51,0,0,0,1.34,0,0,1.4,0.8,0,0,0,0,0,0,0,0,0,320,593.15
304,合金结构钢,18Cr2Ni4W,0.16,0.19,0,0,0,0,1.51,0,0,4.3,0.86,0,0,0,0,0,0,0,0,0,310,583.15
305,合金结构钢,18Cr2Ni4W,0,0.19,0,0,0,0,1.51,0,0,4.3,0.86,0,0,0,0,0,0,0,0,0,75,348.15
306,合金结构钢,15MnVB,0.18,0,1.36,0,0,0,0,0,0,0,0,0.08,0.02,0.0025,0,0,0,0,0,0,430,703.15
310,合金结构钢,42MnMoV,0.41,0.37,1.4,0,0,0,0,0,0,0,0,0.17,0,0,0,0.3,0,0,0,0,220,493.15
311,合金结构钢,12Cr1MoV,0.15,0.26,0.53,0,0,0,1.04,0,0,0,0,0.25,0,0,0,1.05,0,0,0,0,400,673.15
313,合金结构钢,35CrMoV,0.35,0.32,0.55,0.012,0.004,0,1.27,0,0,0,0,0.19,0,0,0,0.3,0,0,0,0,356,629.15
314,合金结构钢,45CrMoV,0.43,0.27,0.75,0.011,0.011,0,1.37,0,0,0.11,0,0.23,0,0,0,0.72,0,0,0,0,320,593.15
315,合金结构钢,25Cr2MoVA,0.26,0.31,0.47,0,0,0,1.65,0,0,0,0,0.28,0,0,0,0.63,0,0,0,0,340,613.15
316,合金结构钢,25CrMnV,0.24,0.21,1.06,0,0,0,0.79,0,0,0,0,0.1,0,0,0,0,0,0,0,0,420,693.15
317,合金结构钢,20Cr2Ni2V,0.19,0.25,0,0,0,0,1.85,0,0,1.7,0,0.13,0,0,0,0,0,0,0,0,390,663.15
319,合金结构钢,15CrMn2SiMoA,0.16,0.55,2.2,0,0,0,0.55,0,0,0,0,0,0,0,0,0.45,0,0,0,0,359,632.15
320,合金结构钢,18CrMnMoB,0.14,0,1.23,0,0,0,1.59,0,0,0,0,0,0,0.003,0,0.42,0,0,0,0,350,623.15
321,合金结构钢,18CrMnNi4WA,0.16,0.19,0.31,0,0,0,1.5,0,0,4.3,0.8,0,0,0,0,0,0,0,0,0,300,573.15
322,合金结构钢,18CrMnNi4WA,0,0.19,0.31,0,0,0,1.5,0,0,4.3,0.8,0,0,0,0,0,0,0,0,0,90,363.15
324,合金结构钢,20CrMnNiMo,0.18,0,0.93,0,0,0,1.11,0,0,1.34,0,0,0,0,0,0.11,0,0,0,0,400,673.15
325,合金结构钢,20CrMnNiMo,1,0,0.99,0,0,0,1.12,0,0,1.42,0,0,0,0,0,0.11,0,0,0,0,120,393.15
326,合金结构钢,20CrMnNi2Mo,0.19,0,0.9,0,0,0,1.08,0,0,1.87,0,0,0,0,0,0.18,0,0,0,0,410,683.15
327,合金结构钢,20CrMnNi2Mo,0.37,0,1,0,0,0,1.13,0,0,1.93,0,0,0,0,0,0.23,0,0,0,0,180,453.15
328,合金结构钢,20MnNiMoCu,0.19,0,1.12,0,0,0,0,0.98,0,0.79,0,0,0,0,0,0.27,0,0,0,0,400,673.15
329,合金结构钢,25MnTiBRe,0.25,0.33,1.42,0.013,0.009,0,0,0.06,0,0,0,0,0.085,0.0029,0,0,0,0,0,0.0048,395,668.15
330,合金结构钢,25MnTiBRe,0.24,0.42,1.15,0,0,0,0,0,0,0,0,0,0.003,0,0,0,0,0,0,0.043,390,663.15
331,合金结构钢,25MnTiBRe,0,0.42,1.15,0,0,0,0,0,0,0,0,0,0.003,0,0,0,0,0,0,0.043,187.5,460.65
332,合金结构钢,25SiMnMoV,0.26,1.08,1.55,0.014,0.004,0,0,0,0,0,0,0.145,0,0,0,0.53,0,0,0,0,174,447.15
334,合金结构钢,25CrNi3MoV,0.25,0,0.52,0,0,0,1.14,0,0,3.33,0,0.16,0,0,0,0.65,0,0,0,0,330,603.15
335,合金结构钢,30MnMoBCu,0.29,0.37,1.71,0.018,0.013,0,0,0.44,0,0,0,0,0,0.0009,0,0.66,0,0,0,0.011,300,573.15
337,合金结构钢,30CrNi2MoV,0.31,0.28,0.36,0.009,0.007,0,0.79,0,0,2.18,0,0.24,0,0,0,0.25,0,0,0,0,300,573.15
338,合金结构钢,30CrNi3MoV,0.27,0.15,0.3,0.006,0.012,0,1.25,0,0,3.47,0,0.09,0,0,0,0.47,0,0,0,0,355,628.15
339,合金结构钢,30CrNi3MoV,0.32,0,0,0,0,0,1.37,0,0,3.02,0,0.18,0,0,0,0.48,0,0,0,0,320,593.15
341,合金结构钢,30CrMn2MoNb,0.36,0.46,1.78,0.017,0.004,0,1.3,0.05,0,0,0,0,0,0,0,0.52,0,0,0.04,0,305,578.15
343,合金结构钢,35MnMoWV,0.36,0.66,1.6,0.005,0.005,0,0,0,0,0,0.8,0.12,0,0,0,1.2,0,0,0,0.012,290,563.15
344,合金结构钢,35CrNi3MoV,0.32,0,0,0,0,0,1.37,0,0,3.02,0,0.18,0,0,0,0.48,0,0,0,0,320,593.15
345,合金结构钢,35CrNi3MoV,0.35,0,0.69,0,0,0,1.32,0,0,3.25,0,0.27,0,0,0,0.48,0,0,0,0,320,593.15
346,合金结构钢,35CrNi3MoV,0.36,0.28,0,0,0,0,0.64,0,0,2.92,0,0.16,0,0,0,0.6,0,0,0,0,290,563.15
347,合金结构钢,35CrMnMoRe,0.3,0.43,1.17,0.012,0.004,0,1.47,0,0,0,0,0,0,0,0,0.51,0,0,0,0.05,320,593.15
348,合金结构钢,35CrMn2MoRe,0.36,0.573,1.89,0.019,0.0074,0,1.38,0,0,0,0,0,0,0,0,0.56,0,0,0,0.00715,291,564.15
349,合金结构钢,36CrMnMoV,0.36,0.264,0.985,0.171,0.013,0,1.37,0,0,0,0,0.153,0,0,0,0.57,0,0,0,0,307,580.15
350,合金结构钢,37SiMn2MoVA,0.36,0.75,1.75,0,0,0,0,0,0,0,0,0.075,0,0,0,0.45,0,0,0,0,210,483.15
351,合金结构钢,38CrNiMoV,0.39,0.25,0.46,0.016,0.008,0,1.62,0,0,1.59,0,0.19,0,0,0,0.47,0,0,0,0,310,583.15
353,合金结构钢,38CrNi3MoV,0.36,0.28,0.4,0.011,0.018,0,1.41,0,0,3.03,0,0.155,0,0,0,0.4,0,0,0,0,310,583.15
355,合金结构钢,40CrMnNiMo,0.4,0,1.34,0,0,0,0.53,0,0,1.03,0,0,0,0,0,0.22,0,0,0,0,290,563.15
356,合金结构钢,45CrMnNiMo,0.44,0,0.9,0,0,0,0.54,0,0,0.44,0,0,0,0,0,0.22,0,0,0,0,310,583.15
357,合金结构钢,45Cr4NiSiMo,0.45,1.4,0.76,0.02,0.02,0,3.9,0,0,1.44,0,0,0,0,0,0.52,0,0,0,0,235,508.15
358,合金结构钢,50CrMnNiMo,0.49,0,1.01,0,0,0,0.56,0,0,0.54,0,0,0,0,0,0.38,0,0,0,0,280,553.15
360,合金结构钢,16CrMnNiMoB,0.15,0,0.92,0,0,0,0.5,0,0,0.88,0,0,0,0.06,0,0.46,0,0,0,0,390,663.15
362,合金结构钢,30MnMoWVNb,0.33,0.28,1.4,0.013,0.001,0,0,0,0,0,0.95,0.06,0,0,0,0.73,0,0,0.05,0,355,628.15
364,合金结构钢,40CrMnSiNiMo,0.38,0.7,1.08,0,0,0,0.4,0,0,0,0,0,0,0,0,0.11,0,0,0,0,330,603.15
367,合金结构钢,45CrMnSi2MoV,0.45,2.3,1.22,0.015,0.0153,0,0.5,0,0,0,0,0.22,0,0,0,0.39,0,0,0,0,300,573.15
368,合金结构钢,12MoVWBSiRe,0.16,0.55,0.37,0.019,0.009,0,0,0,0,0,0.25,0.37,0,0.005,0,0.56,0,0,0,0.017,380,653.15
369,合金结构钢,22SiMnWMoTiB,0.22,0.5,1.56,0.014,0.01,0,0,0,0,0,1.02,0,0.062,0.003,0,0.41,0,0,0,0,267,540.15
370,合金结构钢,30MnMoWNiBCu,0.29,0.35,1.64,0.018,0,0,0,0.6,0,1.13,0.14,0,0,0.00069,0,0.26,0,0,0,0,312,585.15
373,弹簧钢,65,0.64,0.22,0.58,0,0,0,0,0,0,0,0,0,0,0,0,0,0,0,0,0,277.5,550.65
374,弹簧钢,70,0.75,0.33,0.7,0,0,0,0.17,0,0,0.2,0,0,0,0,0,0,0,0,0,0,230,503.15
375,弹簧钢,75,0.79,0,0.76,0,0,0,1,2,3,4,5,6,7,8,9,10,11,12,13,14,230,503.15
376,弹簧钢,85,0.82,0.21,0.5,0,0,0,0.1,0,0,0.2,0,0,0,0,0,0,0,0,0,0,225,498.15
377,弹簧钢,60Mn,0.63,0,0.87,0.03,0.04,0,0,0,0,0,0,0,0,0,0,0,0,0,0,0,270,543.15
378,弹簧钢,65Mn,0.64,0.1,1.13,0,0,0,0,0,0,0,0,0,0,0,0,0,0,0,0,0,262,535.15
379,弹簧钢,60Si,0.57,1.08,0.81,0,0,0,0.09,0,0,0.18,0,0,0,0,0,0,0,0,0,0,285,558.15
380,弹簧钢,40Si2,0.42,1.78,0.62,0,0,0,0.05,0,0,0.18,0,0,0,0,0,0,0,0,0,0,330,603.15
382,弹簧钢,70Si2,0.73,1.62,0.73,0,0,0,0.1,0,0,0.12,0,0,0,0,0,0,0,0,0,0,215,488.15
383,弹簧钢,55SiMn,0.55,1.85,0.64,0,0,0,0.17,0,0,0,0,0,0,0,0,0,0,0,0,0,305,578.15
384,弹簧钢,55Si2Mn,0.55,1.68,0.61,0.04,0.045,0,0.05,0,0,0.17,0,0,0,0,0,0,0,0,0,0,282.5,555.65
385,弹簧钢,60Si2Mn,0.57,1.73,0.67,0,0,0,0.13,0,0,0,0,0,0,0,0,0,0,0,0,0,305,578.15
386,弹簧钢,60Si2Mn,0.59,1.61,0.65,0,0,0,0,0,0,0,0,0,0,0,0,0,0,0,0,0,255,528.15
387,弹簧钢,60Si2Mo,0.6,1.9,0.75,0,0,0,0.25,0,0,0,0,0,0,0,0,0.3,0,0,0,0,260,533.15
388,弹簧钢,70Si3Mn,0.68,2.73,0.65,0,0,0,0,0,0,0,0,0,0,0,0,0,0,0,0,0,285,558.15
389,弹簧钢,50CrMn,0.48,0.25,0.86,0,0,0,0.98,0,0,0.18,0,0,0,0,0,0,0,0,0,0,275,548.15
390,弹簧钢,50CrVA,0.47,0.35,0.82,0,0,0,1.2,0,0,0,0,0.11,0,0,0,0,0,0,0,0,285,558.15
391,弹簧钢,75CrMo,0.74,0.25,0.34,0,0,0,1.43,0,0,0,0,0,0,0,0,0.23,0,0,0,0,220,493.15
392,弹簧钢,55Si2MnB,0.56,1.87,0.8,0,0,0,0,0,0,0,0,0,0,0.0044,0,0,0,0,0,0,289,562.15
393,弹簧钢,50CrMnV,0.47,0.38,1.04,0,0,0,1.2,0,0,0,0,0.18,0,,0,0,0,0,0,0,290,563.15
394,弹簧钢,55CrMnVA,0.55,0.22,0.98,0,0,0,1.02,0,0,0,0,0.11,0,0,0,0,0,0,0,0,275,548.15
396,弹簧钢,50CrMnSiMo,0.5,1.48,1.05,0,0,0,1.2,0,0,0,0,0,0,0,0,0.2,0,0,0,0,275,548.15
397,弹簧钢,60CrMnSiV,0.58,0.89,0.81,0,0,0,1.27,0,0,0,0,0.11,0,0,0,0,0,0,0,0,255,528.15
398,弹簧钢,65CrMnSiV,0.64,0.69,0.78,0,0,0,1.18,0,0,0,0,0.12,0,0,0,0,0,0,0,0,240,513.15
399,弹簧钢,55SiMnMoV,0.55,1.01,1.04,0.017,0.013,0,0.1,0,0,0.04,0,0.18,0,0,0,0.3,0,0,0,0,280,553.15
400,弹簧钢,55SiMnMoVNb,0.585,0.4,1.11,0.016,0.03,0,0,0,0,0,0,0.16,0,0,0,0.32,0,0,0.02,0,292,565.15
403,轴承钢,GCr9,1.01,0.3,0.5,0.025,0.02,0,1.21,0,0,0,0,0,0,0,0,0,0,0,0,0,205,478.15
404,轴承钢,GCr15,1.02,0.33,0.36,0.025,0.02,0,1.41,0,0,0.2,0,0,0,0,0,0,0,0,0,0,200,473.15
405,轴承钢,GCr15,1.02,0.33,0.36,0,0,0,1.41,0,0,0.2,0,0,0,0,0,0,0,0,0,0,125,398.15
406,轴承钢,GCr15,1.04,0.26,0.33,0,0,0,1.53,0,0,0.31,0,0,0,0,0,0.008,0,0,0,0,245,518.15
407,轴承钢,GCr15SiMn,0.93,0.55,1.1,0,0,0,1.35,0,0,0,0,0,0,0,0,0,0,0,0,0,205,478.15
408,轴承钢,GSiMnV,1.01,0.68,1.21,0.018,0.008,0,0,0,0,0,0,0.22,0,0,0,0,0,0,0,0,100,373.15
409,轴承钢,55SiMoVA,0.55,0.94,0.5,0,0,0,0,0,0,0,0,0.1,0,0,0,0.49,0,0,0,0,270,543.15
410,轴承钢,Cr4Mo4V,0.8,0.2,0.23,0,0,0,4.07,0,0,0,0,0.99,0,0,0,4.4,0,0,0,0,130,403.15
411,轴承钢,GSiMnVRe,1.02,0.67,1.29,0.01,0.01,0,0,0,0,0,0,0.24,0,0,0,0,0,0,0,0.012,125,398.15
413,轴承钢,GMnMoVRe,1,0.24,1.3,0.012,0.004,0,0.03,0,0,0,0,0.19,0,0,0,0.48,0,0,0,0.0048,112.5,385.65
417,工模具钢,T7,0.66,0,0.27,0,0,0,0,0,0,0,0,0,0,0,0,0,0,0,0,0,280,553.15
418,工模具钢,T8,0.78,0.16,0.36,0.03,0.03,0,0,0,0,0,0,0,0,0,0,0,0,0,0,0,235,508.15
419,工模具钢,T8,0.76,0.22,0.29,0,0,0,0.11,0,0,0.07,0,0,0,0,0,0,0,0,0,0,245,518.15
420,工模具钢,T9,0.89,0.15,0.29,0,0,0,0,0,0,0,0,0,0,0,0,0,0,0,0,0,225,498.15
421,工模具钢,T10,0.95,0,0.29,0,0,0,0,0,0,0,0,0,0,0,0,0,0,0,0,0,210,483.15
422,工模具钢,T11,1.1,0.5,0.3,0,0,0,0.25,0,0,0,0,0,0,0,0,0,0,0,0,0,180,453.15
423,工模具钢,T12,1.17,0.18,0.36,0,0,0,0.26,0,0,0,0,0,0,0,0,0,0,0,0,0,200,473.15
424,工模具钢,T13,1.29,0.27,0.2,0,0,0,0.04,0,0,0.09,0,0,0,0,0,0,0,0,0,0,190,463.15
426,工模具钢,T14,1.39,0,0,0,0,0,0,0,0,0,0,0,0,0,0,0,0,0,0,0,125,398.15
427,工模具钢,T16,1.6,0.27,0.4,0,0,0,0,0,0,0,0,0,0,0,0,0,0,0,0,0,90,363.15
428,工模具钢,V,1,0.25,0.2,0,0,0,0,0,0,0,0,0.25,0,0,0,0,0,0,0,0,200,473.15
429,工模具钢,Cr2,1.025,0.32,0.36,0.025,0.025,0,1.45,0,0,0,0,0,0,0,0,0,0,0,0,0,240,513.15
430,工模具钢,Cr3,1,0,0,0,0,0,3.3,0,0,0,0,0,0,0,0,0,0,0,0,0,100,373.15
431,工模具钢,Cr12,2.02,0,0.39,0,0,0,12.39,0,0,0,0,0,0,0,0,0,0,0,0,0,180,453.15
433,工模具钢,Mn13,1.28,0.35,12.4,0,0,0,0,0.23,0,0.28,0,0,0,0,0,0,0,0,0,0,-200,73.15
434,工模具钢,1Mo3,0.1,0.26,0.5,0,0,0,0,0,0,0,0,0,0,0,0,2.95,0,0,0,0,400,673.15
436,工模具钢,5Cr3,0.43,0,0.32,0,0,0,3.52,0,0,0,0,0,0,0,0,0,0,0,0,0,340,613.15
437,工模具钢,7Cr3,0.68,0.5,0,0,0,0,3.49,0,0,0,0,0,0,0,0,0,0,0,0,0,220,493.15
438,工模具钢,8Cr,0.88,0.24,0.41,0,0,0,0.78,1,1,0.1,0,0,0,0,0,0,0,0,0,0,230,503.15
439,工模具钢,9Cr2,0.95,0.35,0.31,0.025,0.024,0,1.56,0,0,0.25,0,0,0,0,0,0,0,0,0,0,270,543.15
440,工模具钢,9Cr2,0.89,0.32,0.3,0,0,0,2,0,0,0.13,0,0,0,0,0,0,0,0,0,0,270,543.15
441,工模具钢,MnSi,0.97,0.96,0.719,0,0,0,0,0,0,0,0,0,0,0,0,0,0,0,0,0,240,513.15
442,工模具钢,Cr12V,1.3,0.36,0.32,0,0,0,11.75,0,0,0,0,0.8,0,0,0,0,0,0,0,0,200,473.15
443,工模具钢,Cr12Mo,1.075,0,0,0,0,0,12.75,0,0,0,0,0,0,0,0,0.5,0,0,0,0,225,498.15
444,工模具钢,CrW3,0.82,0,0,0,0,0,1.39,0,0,0,3.23,0,0,0,0,0,0,0,0,0,205,478.15
446,工模具钢,2Mo3Ni3,0.22,0.3,0.5,0,0,0,0,0,0,2.89,0,0,0,0,0,2.95,0,0,0,0,330,603.15
447,工模具钢,3Cr2W8,0.34,0.31,0.38,0,0,0,2.86,0,0,0,8.12,0.17,0,0,0,0,0,0,0,0,325,598.15
448,工模具钢,4Cr2W8,0.38,0.27,0.29,0,0,0,2.2,0,0,0,7.93,0.4,0,0,0,0,0,0,0,0,345,618.15
449,工模具钢,4Cr2W12,0.4,0.3,0.3,0,0,0,2,0,0,0,11.5,0.35,0,0,0,0,0,0,0,0,370,643.15
450,工模具钢,8CrV,0.83,0.26,0.4,0,0,0,0.63,0,0,0.25,0,0.17,0,0,0,0,0,0,0,0,215,488.15
451,工模具钢,9CrV,0.86,0.34,0.36,0,0,0,1.62,0,0,0.58,0,0.17,0,0,0,0,0,0,0,0,215,488.15
452,工模具钢,9Cr2W,0.87,0.33,0.26,0,0,0,2.02,0,0,0.13,0.36,0,0,0,0,0,0,0,0,0,215,488.15
453,工模具钢,9Mn2V,0.98,0.26,1.68,0,0,0,0,0,0,0,0,0.19,0,0,0,0,0,0,0,0,125,398.15
454,工模具钢,9SiCr,0.9,1.4,0.45,0,0,0,1.1,0,0,0,0,0,0,0,0,0,0,0,0,0,-60,213.15
455,工模具钢,Cr12MoV,1.55,0.45,0.27,0,0,0,11.34,0,0,0,0,0.24,0,0,0,0.53,0,0,0,0,227.5,500.65
456,工模具钢,Cr12MoV,1.56,0,0,0,0,0,12.46,0,0,0.26,0.28,0.65,0,0,0,0.54,0,0,0,0,185,458.15
457,工模具钢,Cr12MoV,1.78,0,0,0,0,0,11.7,0,0,0.35,0.63,0.09,0,0,0,0.61,0,0,0,0,255,528.15
458,工模具钢,CrWMn,0.85,0,1.18,0,0,0,0.5,0,0,0,0.44,0,0,0,0,0,0,0,0,0,220,493.15
459,工模具钢,CrWMn,1.03,0.28,0.97,0,0,0,1.05,0,0,0.13,1.15,0,0,0,0,0,0,0,0,0,155,428.15
460,工模具钢,CrMnV,1.42,0.37,0.61,0,0,0,1.37,0,0,0,0,0.18,0,0,0,0,0,0,0,0,220,493.15
461,工模具钢,Cr5MoV,0.99,0.32,0.82,0,0,0,4.78,0,0,0,0,0.23,0,0,0,1.04,0,0,0,0,180,453.15
462,工模具钢,Cr6WV,1.075,0,0,0,0,0,6.25,0,0,0,1.3,0.6,0,0,0,0,0,0,0,0,185,458.15
463,工模具钢,W9Cr4V2,0.9,0.4,0.4,0.03,0.03,0,4.1,0,0,0,9.25,2.3,0,0,0,0.3,0,0,0,0,210,483.15
464,工模具钢,W9Cr4V2,0.9,0.4,0.4,0.03,0.03,0,4.1,0,0,0,0.75,2.3,0,0,0,0.3,0,0,0,0,400,673.15
465,工模具钢,W14Cr4V4,1.23,0,0,0,0,0,4.02,0,0,0,12.51,3.6,0,0,0,0,0,0,0,0,200,473.15
466,工模具钢,W18Cr4V,0.73,0.33,0,0.03,0.03,0,4.39,0,0,0,17.8,1.09,0,0,0,0.18,0,0,0,0,205,478.15
467,工模具钢,W18Cr4V,0.72,0.39,0.27,0,0,0,4.09,0,0,0,18.59,1.25,0,0,0,0,0,0,0,0,190,463.15
468,工模具钢,3Cr2W4V,0.28,0.16,0.39,0,0,0,2.35,0,0,0,4.1,0.53,0,0,0,0,0,0,0,0,310,583.15
469,工模具钢,3Cr2W8V,0.3,0,0,0,0,0,2.3,0,0,0,8.78,0.34,0,0,0,0,0,0,0,0,350,623.15
470,工模具钢,4CrNi4Mo,0.4,0.2,0.36,0,0,0,1.27,0,0,4.03,0,0,0,0,0,0.24,0,0,0,0,270,543.15
471,工模具钢,4Cr2Ni4W,0.46,0.24,0.5,0,0,0,1.53,0,0,3.96,0.59,0,0,0,0,0,0,0,0,0,235,508.15
472,工模具钢,4Cr2W3V,0.4,0,0,0,0,0,2.85,0,0,0.12,3.39,0.26,0,0,0,0.16,0,0,0,0,330,603.15
473,工模具钢,4CrW2Si,0.4,0.72,0.27,0,0,0,1.2,0,0,0.17,1.85,0,0,0,0,0,0,0,0,0,315,588.15
474,工模具钢,4CrMoV,0.38,0.18,0.81,0,0,0,1.54,0,0,0,0,0.27,0,0,0,0.63,0,0,0,0,350,623.15
475,工模具钢,5CrMnMo,0.59,0.41,1.42,0,0,0,0.85,0,0,0.1,0,0,0,0,0,0.16,0,0,0,0,222.5,495.65
476,工模具钢,5CrNiMo,0.55,0.3,0.77,0,0,0,0.87,0,0,1.18,0,0,0,0,0,0.23,0,0,0,0,215,488.15
478,工模具钢,5CrNiW,0.56,0.23,0.59,0,0,0,0.6,0,0,1.6,0.78,0,0,0,0,0,0,0,0,0,260,533.15
479,工模具钢,5CrNi3Mo,0.53,0.27,0.3,0,0,0,1.04,0,0,3.3,0,0,0,0,0,0.16,0,0,0,0,240,513.15
480,工模具钢,5CrW2V,0.45,0.2,0.34,0,0,0,1.25,0,0,0,2.2,0.36,0,0,0,0,0,0,0,0,300,573.15
481,工模具钢,5CrW2Si,0.52,0.8,0.33,0,0,0,1.17,0,0,0.16,2.25,0,0,0,0,0,0,0,0,0,295,568.15
482,工模具钢,6CrNiMo,0.64,0.28,0.93,0,0,0,1.01,0,0,1.64,0,0,0,0,0,0.24,0,0,0,0,230,503.15
483,工模具钢,6CrNiW,0.59,0.38,0.45,0,0,0,1.28,0,0,1.1,0.5,0,0,0,0,0,0,0,0,0,205,478.15
484,工模具钢,6CrW2Si,0.58,0.55,0.32,0,0,0,1.27,0,0,0.23,2.25,0,0,0,0,0,0,0,0,0,270,543.15
485,工模具钢,6Cr2Ni3Mo,0.6,0.24,0.37,0,0,0,2.14,0,0,3.22,0,0,0,0,0,0.07,0,0,0,0,190,463.15
486,工模具钢,9CrWMn,0.86,0.26,1.18,0,0,0,0.5,0,0,0,0.44,0,0,0,0,0,0,0,0,0,205,478.15
487,工模具钢,9Cr2MoV,0.85,0.35,0.29,0,0,0,2,0,0,0,0,0.21,0,0,0,0.26,0,0,0,0,230,503.15
488,工模具钢,Cr4W2MoV,1.18,0.6,0.28,0.019,0.009,0,3.81,0,0,0,2.32,0.94,0,0,0,1.1,0,0,0,0,142,415.15
489,工模具钢,Cr4W2MoV,1.18,0.68,0.26,0.024,0.01,0,3.75,0,0,0,2.22,0.91,0,0,0,0.99,0,0,0,0,100,373.15
490,工模具钢,Cr4Mo2W3V2,0.97,0,0,0,0,0,4.11,0,0,0.25,0.23,2.51,0,0,0,2.61,0,0,0,0,150,423.15
491,工模具钢,Cr4Mo5W6V2,0.85,0,0,0,0,0,4.15,0,0,0.18,6.34,2.01,0,0,0,4.79,0,0,0,0,140,413.15
493,工模具钢,W10Cr4V5Co5,1.49,0,0,0,0,0,4.05,0,0,0,10.62,4.44,0,0,4.9,0,0,0,0,0,170,443.15
494,工模具钢,W12Cr4MoV,0.87,0,0,0,0,0,3.99,0,0,0.11,11.91,2.52,0,0,0,0.8,0,0,0,0,210,483.15
495,工模具钢,W14V2SiMn,0.89,0.71,0.71,0.003,0.007,0,0,0,0,0,14.17,1.73,0,0,0,0,0,0,0,0,237,510.15
496,工模具钢,W18Cr4VCo5,0.8,0,0,0,0,0,4.34,0,0,0,17.89,1.52,0,0,4.52,0.78,0,0,0,0,180,453.15
497,工模具钢,W18Cr4V2Co5,0.9,0,0,0,0,0,4.5,0,0,0,18,2,0,0,5,1,0,0,0,0,215,488.15
498,工模具钢,3Cr2W8SiV,0.28,0.96,0,0,0,0,2.8,0,0,0.54,8.77,0.24,0,0,0,0,0,0,0,0,390,663.15
499,工模具钢,4CrNi4Si2Mo,0.38,1.94,0.51,0,0,0,0.83,0,0,3.48,0,0,0,0,0,0.7,0,0,0,0,260,533.15
500,工模具钢,4Cr5MoWSi,0.32,0.95,0.35,0,0,0,4.86,0,0,0,1.29,0,0,0,0,1.45,0,0,0,0,270,543.15
501,工模具钢,4Cr5MoVSi,0.39,0.94,0.48,0,0,0,5.53,0,0,0,0,0.48,0,0,0,0.87,0,0,0,0,290,563.15
503,工模具钢,4CrMoWV,0.39,0,0,0,0,0,1.45,0,0,0.13,0.55,0.7,0,0,0,0.47,0,0,0,0,360,633.15
504,工模具钢,5CrNiMoV,0.52,0.29,0,0,0,0,1.09,0,0,1.72,0,0.14,0,0,0,0.43,0,0,0,0,250,523.15
505,工模具钢,5CrNiWSi,0.55,0.75,0.45,0,0,0,1.45,0,0,1,0.5,0,0,0,0,0,0,0,0,0,180,453.15
506,工模具钢,5CrNiWSi,0.57,0.9,0.46,0,0,0,1.34,0,0,1.16,0.47,0,0,0,0,0,0,0,0,0,250,523.15
507,工模具钢,5CrW2SiV,0.43,0.57,0,0,0,0,1.2,0,0,0.14,2.34,0.13,0,0,0,0,0,0,0,0,290,563.15
508,工模具钢,6W6Mo5Cr4V,0.59,0.16,0.15,0.018,0.009,0,4.03,0,0,0,6.26,0.94,0,0,0,5.1,0,0,0,0,240,513.15
509,工模具钢,9CrWMnV,0.93,0.23,1.17,0,0,0,0.54,0,0,0,0.77,0.14,0,0,0,0,0,0,0,0,205,478.15
510,工模具钢,120Cr4W2MoV,1.18,0.6,0.28,0.019,0.009,0,3.81,0,0,0,2.32,0.94,0,0,0,1.1,0,0,0,0,142,415.15
513,工模具钢,Cr4MoW6V2Co,0.81,0,0,0,0,0,4.11,0,0,0,5.46,1.51,0,0,5.22,4.27,0,0,0,0,180,453.15
514,工模具钢,SiMnWVNb,0.92,0.61,1.15,0.02,0.02,0,0,0,0,0,0.89,0.34,0,0,0,0,0,0,0.09,0,130,403.15
515,工模具钢,4CrWSiMoV,0.39,0.58,0,0,0,0,1.43,0,0,0,0.85,0.84,0,0,0,0.5,0,0,0,0,330,603.15
516,工模具钢,5CrWSiMoV,0.47,0.73,0,0,0,0,1.2,0,0,0,0.45,1,0,0,0,0.39,0,0,0,0,360,633.15
518,工模具钢,CrMn2SiWMoV,1,0.55,2.25,0,0,0,1.15,0,0,0,0.9,0.3,0,0,0,0.95,0,0,0,0,120,393.15
519,工模具钢,SiCr4W6V5Mo5Nb,1.56,1.22,0.28,0,0,0.4,4.29,0,0,0,6.21,4.98,0,0,0,5.59,0,0,0.31,0,160,433.15
523,不锈耐酸钢,Cr17,0.09,0.33,0.4,0,0,0,17.2,0,0.03,0.34,0,0,0,0,0,0,0,0,0,0,160,433.15
524,不锈耐酸钢,Cr20,0.17,0.56,0.46,0,0,0,20.96,0,0.12,0.35,0,0,0,0,0,0,0,0,0,0,150,423.15
526,不锈耐酸钢,0Cr13,0.06,0.3,0.21,0,0,0,12.3,0,0,0.09,0,0,0,0,0,0,0,0,0,0,365,638.15
527,不锈耐酸钢,1Cr13,0.1,0,0,0,0,0,12.4,0,0,0,0,0,0,0,0,0,0,0,0,0,340,613.15
528,不锈耐酸钢,2Cr13,0.2,0,0,0,0,0,12.5,0,0,0.5,0,0,0,0,0,0,0,0,0,0,-80,193.15
529,不锈耐酸钢,3Cr13,0.25,0.37,0.29,0,0,0,13.4,0,0,0.13,0,0,0,0,0,0,0,0,0,0,240,513.15
530,不锈耐酸钢,4Cr13,0.44,0.3,0.2,0,0,0,13.12,0,0,0.31,0,0,0,0,0,0,0,0,0,0,270,543.15
