C,Mn,Si,Cr,Ni,Mo,V,Co,Al,W,Cu,Nb,Ti,B,N,P,S,Ms (K)
0.25,0.7,0.2,0,0,0,0,0,0,0,0,0,0,0,0,0,0,685
0.3,0.7,0.2,0,0,0,0,0,0,0,0,0,0,0,0,0,0,666
0.38,0.7,0.2,0,0,0,0,0,0,0,0,0,0,0,0,0,0,631
0.4,0.7,0.2,0,0,0,0,0,0,0,0,0,0,0,0,0,0,629
0.44,0.81,0.28,0.14,0.15,0.04,0,0,0,0,0.12,0,0,0,0,0,0,591
0.51,0.3,0.75,0,0,0,0,0,0,0,0,0,0,0,0,0,0,618
0.52,0.7,0.2,0,0,0,0,0,0,0,0,0,0,0,0,0,0,516
0.56,0.3,0.75,0,0,0,0,0,0,0,0,0,0,0,0,0,0,593
0.6,0.72,0.2,0.17,0.2,0.03,0,0,0,0,0.12,0,0,0,0,0,0,543
0.61,0.3,0.75,0,0,0,0,0,0,0,0,0,0,0,0,0,0,578
0.68,0.7,0,0,0,0,0,0,0,0,0,0,0,0,0,0,0,533
0.75,0.7,0.33,0,0,0,0,0,0,0,0,0,0,0,0,0,0,510
0.86,0.6,0.2,0,0,0,0,0,0,0,0,0,0,0,0,0,0,488
0.96,0.6,0.2,0,0,0,0,0,0,0,0,0,0,0,0,0,0,469
0.28,1.2,0.2,0,0,0,0,0,0,0,0,0,0,0,0,0,0,643
0.36,1.2,0.2,0,0,0,0,0,0,0,0,0,0,0,0,0,0,622
0.15,1.4,0.25,0,0,0,0,0,0,0,0,0.08,0,0,0,0,0,681
0.19,1.5,0.2,0,0,0,0,0,0,0,0,0,0,0,0,0,0,672
0.28,1.5,0.2,0,0,0,0,0,0,0,0,0,0,0,0,0,0,633
0.36,1.5,0.2,0,0,0,0,0,0,0,0,0,0,0,0,0,0,607
0.3,1.8,0.15,0,0,0,0,0,0,0,0,0,0,0,0,0,0,622
0.38,1.8,0.25,0,0,0,0,0,0,0,0,0,0,0,0,0,0,598
0.46,1.8,0.25,0,0,0,0,0,0,0,0,0,0,0,0,0,0,563
0.42,1.15,0.2,0,0,0,0,0,0,0,0,0,0,0,0,0,0,593
0.44,1.5,0.2,0,0,0,0,0,0,0,0,0,0,0,0,0,0,573
0.27,1.55,0.2,0,0,0.28,0,0,0,0,0,0,0,0,0,0,0,648
0.3,1.55,0.2,0,0,0.28,0,0,0,0,0,0,0,0,0,0,0,628
0.32,1.5,0.18,0,0,0.27,0,0,0,0,0,0,0,0,0,0,0,623
0.35,1.55,0.2,0,0,0.28,0,0,0,0,0,0,0,0,0,0,0,608
0.37,1.5,0.18,0,0,0.27,0,0,0,0,0,0,0,0,0,0,0,603
0.38,1.5,0.25,0,0,0.45,0,0,0,0,0,0,0,0,0,0,0,603
0.22,1.1,0.21,0.6,0.18,0.08,0,0,0,0.3,0,0,0,0,0,0,0,695
0.16,1.15,0.25,0.95,0,0,0,0,0,0,0,0,0,0,0,0,0,663
0.2,1.25,0.25,1.15,0.15,0.02,0,0,0,0,0,0,0,0,0,0,0,653
0.19,1.6,0.2,0,0.55,0.25,0,0,0,0,0,0,0,0,0,0,0,693
0.27,1.35,0.24,0.45,0.75,0.2,0,0,0,0,0,0,0,0,0,0,0,628
0.33,1.35,0.24,0.45,0.75,0.2,0,0,0,0,0,0,0,0,0,0,0,606
0.37,1.35,0.24,0.45,0.75,0.2,0,0,0,0,0,0,0,0,0,0,0,593
0.38,1.4,0.25,0.5,0.75,0.2,0,0,0,0,0,0,0,0,0,0,0,573
0.43,1.35,0.24,0.45,0.75,0.2,0,0,0,0,0,0,0,0,0,0,0,568
0.4,0.85,1.75,0,0,0,0,0,0,0,0,0,0,0,0,0,0,613
0.54,0.85,1.9,0.1,0.16,0.02,0,0,0,0,0,0,0,0,0,0,0,561
0.59,0.85,1.9,0,0,0,0,0,0,0,0,0,0,0,0,0,0,535
0.62,0.85,1.9,0,0,0,0,0,0,0,0,0,0,0,0,0,0,525
0.55,0.75,1.5,0.7,0,0,0,0,0,0,0,0,0,0,0,0,0,551
0.6,0.85,1.9,0.3,0,0.25,0,0,0,0,0,0,0,0,0,0,0,524
0.17,0.6,0.25,0,0,0.3,0,0,0,0,0,0,0,0,0,0,0,726
0.24,0.9,0.3,0,0,0.23,0,0,0,0,0,0,0,0,0,0,0,681
0.32,0.8,0.3,0,0,0.26,0,0,0,0,0,0,0,0,0,0,0,647
0.4,0.8,0.3,0,0,0.26,0,0,0,0,0,0,0,0,0,0,0,602
0.48,0.8,0.25,0,0,0.26,0,0,0,0,0,0,0,0,0,0,0,593
0.22,0.6,0.25,0,0,0.5,0,0,0,0,0,0,0,0,0,0,0,681
0.38,0.8,0.3,0,0,0.53,0,0,0,0,0,0,0,0,0,0,0,606
0.55,0.65,0.2,0,0.65,0,0,0,0,0,0,0,0,0,0,0,0,548
0.36,0.8,0.2,0,0.85,0,0,0,0,0,0,0,0,0,0,0,0,633
0.43,0.8,0.2,0,0.85,0,0,0,0,0,0,0,0,0,0,0,0,611
0.16,0.6,0.25,0.2,1.5,0.05,0,0,0,0,0,0,0,0,0,0,0,645
0.3,0.51,0.32,0.07,3.03,0,0,0,0.032,0,0,0,0.009,0,0,0,0,611
0.1,0.53,0.26,0.05,3.65,0,0,0,0.045,0,0.07,0,0,0,0,0,0,733
0.33,0.74,0.23,0.07,3.47,0.11,0,0,0,0,0,0,0,0,0,0,0,593
0.4,0.62,0.26,0.23,3.45,0.1,0,0,0,0,0,0,0,0,0,0,0,554
0.1,0.4,0.2,0,4.8,0,0,0,0,0,0,0,0,0,0,0,0,682
0.09,0.45,0.25,0.1,9,0.04,0,0,0.03,0,0,0,0,0,0,0,0,612
0.16,1.4,0.25,0.2,1.5,0.05,0,0,0,0,0,0,0,0,0,0,0,627
0.17,0.55,0.2,0.2,1.8,0.25,0,0,0,0,0,0,0,0,0,0,0,705
0.24,0.55,0.2,0.2,1.8,0.25,0,0,0,0,0,0,0,0,0,0,0,652
0.4,0.48,0.15,0.15,1.75,0.25,0,0,0,0,0,0,0,0,0,0,0,591
0.18,0.47,0.27,0.18,3.33,0.23,0,0,0,0,0,0,0,0,0,0,0,664
0.1,0.4,0.2,0,5,0.2,0,0,0,0,0,0,0,0,0,0,0,671
0.15,0.8,0.2,0.63,0.85,0.05,0,0,0,0,0,0,0,0,0,0,0,701
0.16,0.8,0.2,0.85,1.15,0.05,0,0,0,0,0,0,0,0,0,0,0,690
0.35,0.75,0.23,0.65,1.3,0,0,0,0,0,0,0,0,0,0,0,0,605
0.4,0.75,0.23,0.65,1.3,0,0,0,0,0,0,0,0,0,0,0,0,585
0.14,0.5,0.25,1.55,1.55,0,0,0,0,0,0,0,0,0,0,0,0,694
0.15,0.75,0.25,0.95,1.45,0,0,0,0,0,0,0,0,0,0,0,0,703
0.16,0.5,0.31,1.95,2.02,0.03,0,0,0.03,0,0,0,0,0,0,0,0,725
0.32,0.57,0.2,1.15,3,0,0,0,0,0,0,0,0,0,0,0,0,581
0.12,0.5,0.2,0.9,3.25,0,0,0,0,0,0,0,0,0,0,0,0,672
0.15,0.4,0.15,1.15,4.1,0,0,0,0,0,0,0,0,0,0,0,0,664
0.3,0.5,0.2,1.25,4.1,0,0,0,0,0,0,0,0,0,0,0,0,574
0.15,0.8,0.2,0.5,0.55,0.2,0,0,0,0,0,0,0,0,0,0,0,707
0.24,0.8,0.2,0.5,0.55,0.2,0,0,0,0,0,0,0,0,0,0,0,671
0.3,0.8,0.25,0.5,0.55,0.2,0,0,0,0,0,0,0,0,0,0,0,624
0.41,0.85,0.25,0.5,0.55,0.25,0,0,0,0,0,0,0,0,0,0,0,594
0.48,0.75,0.34,0.58,0.6,0.2,0,0,0,0,0,0,0,0,0,0,0,591
0.6,0.85,0.25,0.5,0.55,0.2,0,0,0,0,0,0,0,0,0,0,0,514
0.4,0.65,0.25,0.75,0.85,0.25,0,0,0,0,0,0,0,0,0,0,0,592
0.36,0.65,0.25,1.05,1.05,0.22,0,0,0,0,0,0,0,0,0,0,0,614
0.16,0.8,0.2,1.05,1.4,0.15,0,0,0,0,0,0,0,0,0,0,0,689
0.16,0.5,0.25,1.65,1.55,0.2,0,0,0,0,0,0,0,0,0,0,0,674
0.36,0.7,0.25,1.5,1.5,0.25,0,0,0,0,0,0,0,0,0,0,0,594
0.4,0.6,0.25,1.2,1.5,0.15,0,0,0,0,0,0,0,0,0,0,0,590
0.4,0.6,0.25,1.2,1.5,0.3,0,0,0,0,0,0,0,0,0,0,0,574
0.16,0.8,0.2,1.05,1.8,0.15,0,0,0,0,0,0,0,0,0,0,0,673
0.41,0.7,0.25,0.8,1.8,0.25,0,0,0,0,0,0,0,0,0,0,0,574
0.17,0.6,0.2,1.55,2,0.2,0,0,0,0,0,0,0,0,0,0,0,675
0.3,0.48,0.25,2,2,0.4,0,0,0,0,0,0,0,0,0,0,0,615
0.31,0.6,0.25,0.65,2.55,0.55,0,0,0,0,0,0,0,0,0,0,0,602
0.4,0.6,0.25,0.65,2.55,0.55,0,0,0,0,0,0,0,0,0,0,0,548
0.31,0.55,0.25,1.05,3,0.28,0,0,0,0,0,0,0,0,0,0,0,587
0.12,0.53,0.28,0.58,3.2,0.2,0,0,0,0,0,0,0,0,0,0,0,714
0.13,0.5,0.2,0.85,3.4,0.18,0,0,0,0,0,0,0,0,0,0,0,690
0.15,0.4,0.25,1.15,4.1,0.2,0,0,0,0,0,0,0,0,0,0,0,645
0.3,0.6,0.25,1.25,4.1,0.3,0,0,0,0,0,0,0,0,0,0,0,577
0.34,0.5,0.2,1.8,4,0.35,0,0,0,0,0,0,0,0,0,0,0,550
0.38,0.7,0.25,0.5,0,0,0,0,0,0,0,0,0,0,0,0,0,626
0.46,0.7,0.25,0.5,0,0,0,0,0,0,0,0,0,0,0,0,0,585
0.59,0.6,0.25,0.65,0.2,0,0,0,0,0,0,0,0,0,0,0,0,529
0.2,0.8,0.2,0.8,0,0,0,0,0,0,0,0,0,0,0,0,0,687
0.6,0.85,0.25,0.75,0,0,0,0,0,0,0,0,0,0,0,0,0,538
0.2,0.75,0.3,0.95,0,0,0,0,0,0,0,0,0,0,0,0,0,687
0.3,0.7,0.2,1.05,0,0,0,0,0,0,0,0,0,0,0,0,0,639
0.39,0.7,0.2,1.05,0,0,0,0,0,0,0,0,0,0,0,0,0,608
0.5,0.75,0.35,1.2,0,0,0,0,0,0,0,0,0,0,0,0,0,554
0.07,0.5,0.4,13,0.2,0,0,0,0,0,0,0,0,0,0,0,0,615
0.14,0.55,0.25,0.6,0,0.55,0,0,0,0,0,0,0,0,0,0,0,694
0.2,0.75,0.25,0.4,0,0.45,0,0,0,0,0,0,0,0,0,0,0,693
0.12,0.45,0.3,0.85,0.16,0.6,0,0,0,0,0,0,0,0,0,0,0,738
0.27,0.6,0.13,0.74,0.19,0.55,0,0,0,0,0,0,0,0,0,0,0,697
0.6,0.85,0.25,0.8,0,0.3,0,0,0,0,0,0,0,0,0,0,0,522
0.18,0.75,0.25,1,0,0.2,0,0,0,0,0,0,0,0,0,0,0,683
0.26,0.7,0.25,1.05,0,0.22,0,0,0,0,0,0,0,0,0,0,0,665
0.3,0.5,0.25,1,0,0.2,0,0,0,0,0,0,0,0,0,0,0,649
0.34,0.65,0.25,1.05,0,0.25,0,0,0,0,0,0,0,0,0,0,0,630
0.36,0.8,0.25,1,0,0.2,0,0,0,0,0,0,0,0,0,0,0,620
0.4,0.85,0.2,1.05,0,0.3,0,0,0,0,0,0,0,0,0,0,0,628
0.46,0.85,0.25,1,0,0.2,0,0,0,0,0,0,0,0,0,0,0,579
0.5,0.85,0.25,1,0,0.22,0,0,0,0,0,0,0,0,0,0,0,560
0.15,0.6,0.3,1.25,0,0.5,0,0,0,0,0,0,0,0,0,0,0,694
0.35,0.55,0.27,1.23,0.14,0.51,0,0,0,0,0,0,0,0,0,0,0,650
0.37,0.85,0.25,1.15,0,0.2,0,0,0,0,0,0,0,0,0,0,0,614
0.42,0.85,0.25,1.15,0,0.2,0,0,0,0,0,0,0,0,0,0,0,590
0.14,0.46,0.23,2.28,0.21,1.05,0,0,0,0,0,0,0,0,0,0,0,694
0.2,0.5,0.25,3.1,0,0.52,0,0,0,0,0,0,0,0,0,0,0,695
0.28,0.5,0.25,3.1,0,0.52,0,0,0,0,0,0,0,0,0,0,0,667
0.32,0.55,0.25,3.05,0.3,0.4,0,0,0,0,0,0,0,0,0,0,0,614
0.17,0.6,0.14,3.25,0,0.55,0,0,0,0,0,0,0,0,0,0,0,676
0.26,0.6,0.14,3.25,0,0.55,0,0,0,0,0,0,0,0,0,0,0,634
0.14,0.45,0.26,4.66,0.13,0.56,0,0,0,0,0,0,0,0,0,0,0,721
0.28,0.5,0.25,5,0,0.55,0,0,0,0,0,0,0,0,0,0,0,691
0.12,0.7,0.3,9,0,1,0,0,0,0,0,0,0,0,0,0,0,601
0.12,0.55,0.25,0.4,0.15,0.6,0.25,0,0,0,0,0,0,0,0,0,0,694
0.22,0.6,0.3,1.15,0.13,0.6,0.22,0,0,0,0,0,0,0,0,0,0,705
0.37,0.62,0.29,1.19,0.13,0.59,0.22,0,0,0,0,0,0,0,0,0,0,614
0.3,0.6,0.25,2.5,0.3,0.2,0.18,0,0,0,0,0,0,0,0,0,0,630
0.39,0.6,0.15,3.25,0,0.95,0.2,0,0,0,0,0,0,0,0,0,0,577
0.5,0.75,0.25,0.95,0.15,0.05,0.2,0,0,0,0,0,0,0,0,0,0,586
0.33,0.65,0.3,1.15,0,0.2,0,0,1,0,0,0,0,0,0,0,0,623
0.31,0.55,0.3,1.6,0,0.2,0,0,1.1,0,0,0,0,0,0,0,0,630
0.39,0.55,0.3,1.6,0,0.2,0,0,1.1,0,0,0,0,0,0,0,0,598
0.42,0.65,0.3,1.65,0,0.33,0,0,1,0,0,0,0,0,0,0,0,590
0.22,1.25,0.25,0.33,0,0,0,0,0,0,0,0,0,0,0,0,0,623
0.22,1.498,0.226,0.33,0.037,0.195,0,0,0.054,0,0,0,0,0,0,0,0,673
0.18,1.36,0.21,0.26,0.91,0.37,0.057,0,0.048,0,0,0,0,0,0,0,0,673
0.2,1.55,0.26,0.39,0,0,0,0,0.005,0,0,0.11,0,0,0,0,0,623
0.45,0.59,0.28,0.05,0.06,0,0,0,0,0,0.14,0,0,0,0,0,0,673
0.26,1.48,0.28,0.02,0.08,0.01,0,0,0,0,0.14,0,0,0,0,0,0,673
0.36,1.59,0.26,0,0,0,0,0,0,0,0,0,0,0,0,0,0,593
0.34,0.49,0.3,1.16,4.3,0,0,0,0,0,0,0,0,0,0,0,0,573
0.12,0.52,0.22,0.86,4.15,0,0,0,0,0,0,0,0,0,0,0,0,651
0.2,0.8,0.27,0.49,0.58,0.18,0,0,0,0,0,0,0,0,0,0,0,671
0.53,0.62,0.25,1.23,0,0,0.27,0,0,0,0,0,0,0,0,0,0,573
0.55,0.58,0.43,0.79,0.2,0.42,0,0,0.025,0,0.19,0,0,0,0,0,0,548
0.95,0.5,0.24,4.9,0.26,1.03,0,0,0.02,0,0.22,0,0,0,0,0,0,473
1.62,0.4,0.48,12.44,0,0.8,0.83,0,0,0,0,0,0,0,0,0,0,498
0.54,0.53,0.36,1.02,3.14,0.34,0,0,0,0,0,0,0,0,0,0,0,523
0.7,1.91,0.35,0.98,0,1.4,0,0,0,0,0,0,0,0,0,0,0,471
0.9,1.07,0.3,0.49,0,0,0,0,0,0.63,0,0,0,0,0,0,0,473
0.85,1.98,0.4,0.46,0,0,0.14,0,0,0,0,0,0,0,0,0,0,473
0.545,0.46,0.26,1.16,4.12,0.48,0,0,0,0.8,0,0,0,0,0,0,0,473
0.31,0.32,0.41,2.36,0.31,0.22,0.32,0,0.013,8.59,0.16,0,0,0,0,0,0,673
0.325,0.54,0.22,1.03,0,0.63,0.17,0,0,0,0,0,0,0,0,0,0,623
0.64,0.39,0.67,1.2,0,0,0,0,0,1.68,0,0,0,0,0,0,0,545
0.37,0.34,0.94,4.8,0,1.34,1.19,0,0,0,0,0,0,0,0,0,0,621
1.42,0.43,0.38,4.42,0,0.7,4.55,4.97,0,12.99,0,0,0,0,0,0,0,508
1.19,0.31,0.29,4.54,0,5.1,3.29,12.27,0,7.92,0,0,0,0,0,0,0,483
0.2,0.7,0.57,1.18,0.23,1.15,0.27,0,0,0,0,0,0,0,0,0,0,623
1.16,0.3,0.57,1.79,0.71,0.27,0,0,0,1.3,0,0,0,0,0,0,0,423
0.345,0.42,0.43,1.36,3.43,0.23,0,0,0.041,0,0.19,0,0,0,0,0,0,573
0.67,1.09,0.31,1.7,0.75,0.36,0,0,0,0,0.04,0,0,0,0,0,0,488
0.14,0.68,0.67,17.98,2.95,0.06,0,0.1,0.04,0,0.1,0,0,0,0,0,0,513
1.485,0.8,0.46,1.24,0.4,0.55,0,0,0,0,0,0,0,0,0,0,0,423
0.29,0.52,0.32,0.77,1.34,0.25,0.19,0,0,0,0,0,0,0,0,0,0,698
0.145,0.27,0.01,0,9.12,0,0,4.07,0,0,0,0,0,0,0,0,0,623
0.315,0.14,0.01,0,9.12,0,0,0,0,0,0,0,0,0,0,0,0,515
0.325,0.13,0.15,0,9.05,0,0,4.07,0,0,0,0,0,0,0,0,0,533
0.09,0.45,0.4,12.3,0.18,0,0,0,0,0,0,0,0,0,0,0,0,598
0.37,0.58,0.41,16.2,0.53,1.1,0,0,0,0,0,0,0,0,0,0,0,548
0.2,0.64,0.084,2.12,0.76,0.83,0.32,0.013,0,0.63,0,0.02,0,0,0.006,0,0,622
0.72,3.58,1.3,1.03,0,0.21,0,0,0,0,0,0,0,0,0,0,0,349
0.73,3.76,1.39,1.06,0,0.25,0,1.01,0,0,0,0,0,0,0,0,0,353
0.69,3.47,1.47,0.97,0,0.24,0,1,0.03,0,0,0,0,0,0,0,0,383
0.61,3.29,1.29,0.92,0,0.22,0,0.93,0.02,0,0.21,0,0,0,0,0,0,464
0.85,3.4,1.49,1.01,0,0.25,0,0.93,0.014,0,0.2,0,0,0,0,0,0,404
0.81,3.49,1.46,1.04,0,0.24,0,0.97,0,0.97,0,0,0,0,0,0,0,378
0.8,3.52,1.67,1.01,0,0.24,0,1.44,0.01,0.99,0,0,0,0,0,0,0,423
0.79,1.94,1.59,1.33,0.02,0.3,0.11,0,0.013,0,0,0,0,0,0,0,0,393
0.98,1.89,1.46,1.26,0.005,0.26,0.09,0,0.009,0,0,0,0,0,0,0,0,393
0.83,1.98,1.57,1.02,0,0.24,0,1.54,0,0,0,0,0,0,0,0,0,393
0.78,1.95,1.49,0.97,0,0.24,0,1.6,0.99,0,0,0,0,0,0,0,0,423
0.75,2.15,1.54,1.08,0,0.24,0,4.13,1.58,0,0,0,0,0,0,0,0,461
0.76,1.04,1.6,1.31,0,0.29,0.1,0,0.009,0,0,0,0,0,0,0,0,445
0.04,1.19,0.3,0.02,0.02,0.33,0.09,0,0.057,0,0,0,0,0,0,0,0,769
0.05,1.82,0.39,0,0,0,0.06,0,0.011,0,0,0,0,0,0.011,0,0,647
0.06,1.46,0.14,0.2,0.02,0.25,0.03,0,0.035,0,0.01,0,0,0,0,0,0,725
0.06,1.21,0.25,0,0,0.25,0.08,0,0.03,0,0,0,0,0,0.003,0,0,743
0.06,1.96,0.32,0,0,0.18,0.22,0,0.02,0,0,0,0,0,0.005,0,0,721
0.06,1.97,0.37,0,0,0,0.45,0,0.029,0,0,0,0,0,0.009,0,0,712
0.06,2,0.37,0,0,0,0,0,0.029,0,0,0,0,0,0.009,0,0,721
0.07,1.9,0.24,0,0,0.08,0.43,0,0.06,0,0,0,0,0,0.009,0,0,638
0.07,1.35,0.29,0,0,0,0.08,0,0.036,0,0,0,0,0,0.006,0,0,734
0.08,1.05,0,0.2,2,0.75,0.25,0,0,0,0,0,0,0,0,0,0,717
0.09,0.59,0.57,2,0,0.56,0.37,0,0,0,0,0,0,0,0,0,0,721
0.1,0.76,0.22,0.68,0.85,0.48,0.07,0,0,0,0.21,0,0,0,0,0,0,695
0.1,1.53,0.35,0,0,0.01,0.07,0,0.045,0,0,0,0,0,0.007,0,0,743
0.1,1.48,0.36,0,0,0,0.02,0,0.046,0,0,0,0,0,0,0,0,738
0.1,1.5,0.37,0,0,0,0.02,0,0.044,0,0,0,0,0,0,0,0,752
0.1,2,1.09,1.8,0,0.65,0.15,0,0,0,0,0,0,0,0,0,0,617
0.11,0.52,0.26,0.56,4.92,0.53,0.08,0,0.04,0,0.1,0,0,0,0,0,0,651
0.11,1.6,0.3,0,0,0,0.09,0,0.021,0,0,0,0,0,0,0,0,699
0.11,1.23,0.31,0,0,0,0.08,0,0,0,0,0,0,0,0.05,0,0,725
0.11,1.23,0.31,0,0,0,0.08,0,0,0,0,0,0,0,0.05,0,0,730
0.11,0.85,0.31,0.51,1.3,0.48,0.03,0,0.077,0,0.27,0,0,0,0,0,0,752
0.12,0.75,0.06,0.57,2.62,0.48,0.05,0,0.062,0,0.25,0,0,0,0,0,0,673
0.12,0.65,0.26,1.16,0.01,1.02,0.26,0,0.01,0,0.02,0,0,0,0,0,0,738
0.12,0.57,0.29,0.47,1.86,0.18,0.07,0,0,0,0,0,0,0,0,0,0,712
0.12,0.83,0.3,0.53,1.11,0.49,0.03,0,0.031,0,0.3,0,0,0,0,0,0,699
0.12,0.47,0.31,2.16,0.16,0.88,0.17,0,0.01,0,0.05,0,0,0,0,0,0,651
0.12,0.55,0.68,2.05,0,0.5,0.32,0,0,0,0,0,0,0,0,0,0,678
0.13,0.6,0.29,0.98,0.01,0.31,0.2,0,0.01,0,0.02,0,0,0,0,0,0,717
0.13,1.16,0.31,0.23,0.01,0.27,0.05,0,0.01,0,0.01,0,0,0,0,0,0,734
0.13,0.63,0.32,0.95,0.07,0.86,0.19,0,0,0,0,0,0,0,0,0,0,708
0.14,0.5,0.3,0.38,0.03,0.55,0.27,0,0.01,0,0.01,0,0,0,0,0,0,756
0.14,1.53,0.36,0.06,0.03,0.01,0.04,0,0.057,0,0.02,0,0,0,0,0,0,708
0.14,1.52,0.48,0,0,0,0.07,0,0,0,0,0,0,0,0,0,0,665
0.15,0.92,0,0.5,0.88,0.46,0.06,0,0,0,0.32,0,0,0,0,0,0,673
0.15,0.77,0.2,1.27,4.25,0.45,0.1,0,0,0,0,0,0,0,0,0,0,630
0.15,1.3,0.27,0.15,0.15,0.04,0.13,0,0.02,0,0.19,0,0,0,0.01,0,0,651
0.15,0.57,0.28,0.63,0.91,0.61,0.3,0,0.032,0,0,0,0,0,0,0,0,699
0.15,0.57,0.28,0.63,0.91,0.61,0.3,0,0.032,0,0,0,0,0,0,0,0,691
0.15,1.39,0.4,0,0,0.27,0.05,0,0.018,0,0,0,0,0,0.004,0,0,712
0.16,1.3,0.04,0,0,0,0.13,0,0.013,0,0,0,0,0,0,0,0,730
0.16,1.3,0.04,0,0,0,0,0,0.013,0,0,0,0,0,0,0,0,734
0.16,1.4,0.04,0,0,0,0.11,0,0.04,0,0,0,0,0,0.018,0,0,638
0.16,1.12,0.22,0.99,0.12,0.02,0.01,0,0.015,0,0,0,0,0,0,0,0,673
0.16,1.12,0.22,0.99,0.12,0.02,0.01,0,0.015,0,0,0,0,0,0,0,0,665
0.16,0.5,0.31,1.95,2.02,0.03,0.01,0,0.03,0,0,0,0,0,0,0,0,717
0.16,0.5,0.31,1.95,2.02,0.03,0.01,0,0.03,0,0,0,0,0,0,0,0,725
0.16,1.42,0.44,0,0,0,0.03,0,0.042,0,0,0,0,0,0,0,0,712
0.17,1.75,0.2,0,0,0,0,0,0.02,0,0,0,0,0,0.038,0,0,686
0.17,1.75,0.2,0,0,0,0.1,0,0.02,0,0,0,0,0,0.038,0,0,686
0.17,0.79,0.27,0.08,0.45,0.47,0.02,0,0,0,0.16,0,0,0,0,0,0,686
0.17,1.54,0.44,0.01,0.02,0.47,0.14,0,0.01,0,0.01,0,0,0,0.006,0,0,730
0.17,1.54,0.44,0.01,0.02,0.47,0.14,0,0.01,0,0.01,0,0,0,0.006,0,0,734
0.17,0.84,0.54,0.89,0.05,0.4,0.01,0,0.031,0,0.07,0,0,0,0.008,0,0,765
0.18,0.53,0.26,1,0,0.96,0.19,0,0,0,0,0,0,0,0,0,0,695
0.19,1.55,0.32,0,0.57,0,0.13,0,0.01,0,0,0,0,0,0.017,0,0,712
0.19,1.44,0.37,0.1,0.08,0.01,0.17,0,0.03,0,0.2,0,0,0,0.01,0,0,669
0.2,1.45,0.3,0.11,0.1,0.02,0.08,0,0.01,0,0.14,0,0,0,0.01,0,0,669
0.2,1.46,0.34,0.12,0.1,0.02,0.14,0,0.03,0,0.19,0,0,0,0.012,0,0,669
0.21,1.52,0.4,0,0.07,0,0.13,0,0.04,0,0,0,0,0,0.019,0,0,695
0.21,1.52,0.4,0,0.07,0,0.13,0,0.04,0,0,0,0,0,0.019,0,0,686
0.22,0.52,0,0,5.35,0.27,0.08,0,0,0,0,0,0,0,0,0,0,621
0.22,1.45,0.3,0.98,0.01,0.45,0.03,0,0.044,0,0.01,0,0,0,0,0,0,617
0.23,0.22,0.22,1.7,3.6,0.53,0.12,0,0,0,0,0,0,0,0,0,0,599
0.23,0.53,0.3,1.55,0.3,0.29,0.21,0,0,0,0.11,0,0,0,0,0,0,621
0.23,0.65,0.3,0.12,0.05,0.5,0.03,0,0.051,0,0.08,0,0,0,0,0,0,695
0.23,0.65,0.3,0.12,0.05,0.5,0.03,0,0.051,0,0.08,0,0,0,0,0,0,699
0.24,0.35,0.13,1.75,3.5,0.49,0.12,0,0,0,0,0,0,0,0,0,0,608
0.24,0.35,0.13,1.75,3.5,0.49,0.12,0,0,0,0,0,0,0,0,0,0,608
0.24,1.06,0.21,0.79,0.18,0.02,0.1,0,0,0,0.17,0,0,0,0,0,0,699
0.24,1.06,0.21,0.79,0.18,0.02,0.1,0,0,0,0.17,0,0,0,0,0,0,686
0.24,1.06,0.21,0.79,0.18,0.02,0.1,0,0,0,0.17,0,0,0,0,0,0,686
0.24,1.06,0.21,0.79,0.18,0.02,0.1,0,0,0,0.17,0,0,0,0,0,0,686
0.24,0.74,0.25,0.37,0.67,0.52,0.03,0,0,0,0,0,0,0,0,0,0,665
0.26,0.76,0.32,1.08,0.72,1.25,0.31,0,0,0,0,0,0,0,0,0,0,634
0.27,1.36,0.5,0.58,0.68,0.34,0.08,0,0,0,0,0,0,0,0,0,0,625
0.27,0.77,1.39,1.64,0.2,0.56,0.07,0,0,0,0,0,0,0,0,0,0,621
0.3,1.91,0.34,0,0,0.67,0.07,0,0,0,0,0,0,0,0,0,0,621
0.3,0.69,1.4,0.78,1.71,0.31,0.04,0,0,0,0,0,0,0,0,0,0,595
0.31,0.65,0.3,0.12,0.05,0.5,0.03,0,0.051,0,0.08,0,0,0,0,0,0,699
0.31,0.65,0.3,0.12,0.05,0.5,0.03,0,0.051,0,0.08,0,0,0,0,0,0,699
0.32,0.4,0.4,1.43,3.3,0.33,0.19,0,0,0,0,0,0,0,0,0,0,556
0.32,0.86,1.54,1.01,0.51,0.49,0.07,0,0.037,0,0,0,0,0,0.022,0,0,608
0.33,0.39,0.16,1.09,3.6,0.72,0.12,0,0.009,0,0.09,0,0,0,0,0,0,564
0.33,0.89,0.24,1.13,0.15,1.19,0.22,0,0,0,0,0,0,0,0,0,0,604
0.33,0.89,0.24,1.13,0.15,1.19,0.22,0,0,0,0,0,0,0,0,0,0,612
0.33,2.16,0.32,0,2.02,0.64,0.14,0,0,0,0,0,0,0,0,0,0,551
0.33,0.86,1.62,0.81,1.8,0.4,0.07,0,0.04,0,0,0,0,0,0.02,0,0,599
0.34,0.71,0,0,2.52,0.42,0.02,0,0,0,0,0,0,0,0,0,0,591
0.34,0.26,0.13,0.61,5.1,0.53,0.09,0,0,0,0,0,0,0,0,0,0,551
0.34,0.62,0.27,1.22,2.8,0.5,0.09,0,0,0,0,0,0,0,0,0,0,586
0.34,0.98,1.37,0.95,1.82,0.42,0.14,0,0,0,0,0,0,0,0,0,0,573
0.35,1.51,0.28,0,0,1.29,0.21,0,0,0,0.1,0,0,0,0,0,0,617
0.35,1.62,0.47,0.1,0.1,0.01,0.11,0,0.02,0,0.14,0,0,0,0,0,0,586
0.35,0.86,1.55,1.5,0.23,0.58,0.07,0,0.039,0,0,0,0,0,0.022,0,0,595
0.35,0.86,1.55,1.21,0.21,0.58,0.06,0,0.037,0,0,0,0,0,0.021,0,0,595
0.36,0.69,0.29,1.09,0.08,0.07,0.01,0,0,0,0.12,0,0,0,0,0,0,647
0.37,0.83,0.35,0.87,1.7,1.18,0.18,0,0,0,0,0,0,0,0,0,0,560
0.38,0.87,0.18,1.54,0.01,0.63,0.27,0,0,0,0,0,0,0,0,0,0,551
0.38,0.78,0.29,0.99,0.14,0.08,0.06,0,0.022,0,0.2,0,0,0,0.01,0,0,630
0.38,1.63,0.3,0.02,0.01,0.12,0.07,0,0.021,0,0.01,0,0,0,0,0,0,638
0.38,1.14,1.05,0.23,0,0,0.02,0,0,0,0,0,0,0,0,0,0,612
0.38,1.14,1.05,0.23,0,0,0.02,0,0,0,0,0,0,0,0,0,0,625
0.38,1.14,1.05,0.23,0,0,0.02,0,0,0,0,0,0,0,0,0,0,604
0.38,1.14,1.05,0.23,0,0,0.02,0,0,0,0,0,0,0,0,0,0,604
0.38,1.14,1.05,0.23,0,0,0.02,0,0,0,0,0,0,0,0,0,0,604
0.39,0.75,0.26,0.94,0.19,0.03,0,0,0,0,0.21,0,0,0,0.01,0,0,660
0.39,0.76,0.28,0.99,0.14,0.03,0.12,0,0,0,0.21,0,0,0,0.01,0,0,656
0.39,0.77,0.39,0.96,0.14,0.08,0.05,0,0,0,0.21,0,0,0,0.01,0,0,647
0.4,0.35,0.2,1.27,4.03,0.24,0.04,0,0,0,0.16,0,0,0,0,0,0,538
0.4,0.35,0.22,1.27,4.03,0.24,0.04,0,0,0,0.16,0,0,0,0,0,0,543
0.4,0.75,0.27,0.96,0.13,0.07,0.06,0,0,0,0.2,0,0,0,0.01,0,0,634
0.43,0.75,0.27,1.31,0.11,0.72,0.23,0,0,0,0,0,0,0,0,0,0,595
0.43,0.75,0.27,1.31,0.11,0.72,0.23,0,0,0,0,0,0,0,0,0,0,586
0.43,1.67,0.28,0.32,0.11,0.03,0.1,0,0,0,0.06,0,0,0,0,0,0,586
0.43,1.67,0.28,0.32,0.11,0.03,0.1,0,0,0,0.06,0,0,0,0,0,0,578
0.43,1.67,0.28,0.32,0.11,0.03,0.1,0,0,0,0.06,0,0,0,0,0,0,591
0.43,1.67,0.28,0.32,0.11,0.03,0.1,0,0,0,0.06,0,0,0,0,0,0,582
0.43,1.67,0.28,0.32,0.11,0.03,0.1,0,0,0,0.06,0,0,0,0,0,0,586
0.43,0.9,0.32,0.3,0,0,0.1,0,0.015,0,0,0,0,0,0.015,0,0,691
0.43,0.9,0.32,0.3,0,0,0.1,0,0.015,0,0,0,0,0,0.015,0,0,686
0.43,0.9,0.32,0.3,0,0,0.1,0,0.015,0,0,0,0,0,0.015,0,0,695
0.43,0.83,1.55,0.91,3.02,0.4,0.12,0,0,0,0,0,0,0,0,0,0,569
0.44,0.66,0.22,0.15,0,0,0.02,0,0,0,0,0,0,0,0,0,0,621
0.44,0.66,0.22,0.15,0,0,0.02,0,0,0,0,0,0,0,0,0,0,617
0.44,0.66,0.22,0.15,0,0,0.02,0,0,0,0,0,0,0,0,0,0,617
0.44,0.66,0.22,0.15,0,0,0.02,0,0,0,0,0,0,0,0,0,0,621
0.44,0.75,0.26,1.7,0.17,0.08,0.09,0,0,0,0.18,0,0,0,0,0,0,578
0.44,0.75,0.26,1.7,0.17,0.08,0.09,0,0,0,0.18,0,0,0,0,0,0,578
0.44,0.75,0.26,1.7,0.17,0.08,0.09,0,0,0,0.18,0,0,0,0,0,0,573
0.44,0.75,0.26,1.7,0.17,0.08,0.09,0,0,0,0.18,0,0,0,0,0,0,569
0.45,1.04,0.35,1.22,0.05,0.05,0.13,0,0,0,0.16,0,0,0,0,0,0,564
0.45,1.34,1.45,0,0,0,0.1,0,0,0,0,0,0,0,0,0,0,560
0.47,0.82,0.35,1.2,0.04,0,0.11,0,0,0,0.14,0,0,0,0,0,0,573
0.47,0.82,0.35,1.2,0.04,0,0.11,0,0,0,0.14,0,0,0,0,0,0,573
0.47,0.82,0.35,1.2,0.04,0,0.11,0,0,0,0.14,0,0,0,0,0,0,564
0.47,0.82,0.35,1.2,0.04,0,0.11,0,0,0,0.14,0,0,0,0,0,0,573
0.47,1.04,0.35,1.2,0.05,0.05,0.12,0,0,0,0.16,0,0,0,0,0,0,560
0.47,1.04,0.35,1.2,0.05,0.05,0.12,0,0,0,0.16,0,0,0,0,0,0,564
0.47,1.04,0.35,1.2,0.05,0.05,0.12,0,0,0,0.16,0,0,0,0,0,0,569
0.47,1.04,0.35,1.2,0.05,0.05,0.12,0,0,0,0.16,0,0,0,0,0,0,569
0.49,0.78,0.26,1.04,0.5,0.96,0.09,0,0,0,0,0,0,0,0,0,0,564
0.51,0.72,0.27,0.94,0,0,0.2,0,0,0,0,0,0,0,0,0,0,591
0.52,0.7,0.29,1.09,1.12,0.43,0.14,0,0,0,0,0,0,0,0,0,0,538
0.52,0.7,0.29,1.09,1.12,0.43,0.14,0,0,0,0,0,0,0,0,0,0,534
0.55,0.98,0.22,1.02,0.01,0,0.11,0,0,0,0.07,0,0,0,0,0,0,547
0.55,0.98,0.22,1.02,0.01,0,0.11,0,0,0,0.07,0,0,0,0,0,0,538
0.55,0.98,0.22,1.02,0.01,0,0.11,0,0,0,0.07,0,0,0,0,0,0,543
0.55,0.98,0.22,1.02,0.01,0,0.11,0,0,0,0.07,0,0,0,0,0,0,551
0.55,0.98,0.22,1.02,0.01,0,0.11,0,0,0,0.07,0,0,0,0,0,0,551
0.55,0.98,0.22,1.02,0.01,0,0.11,0,0,0,0.07,0,0,0,0,0,0,543
0.55,0.5,0.87,0.1,0.1,0.55,0.22,0,0,0,0,0,0,0,0,0,0,564
0.55,0.9,1,0.4,2.75,0.45,0.11,0,0,0,0,0,0,0,0,0,0,543
0.56,0.67,0.31,0.76,1.53,0.24,0.14,0,0.01,0,0.06,0,0,0,0,0,0,508
0.58,0.65,0.3,0.12,0.05,0.5,0.03,0,0.051,0,0.08,0,0,0,0,0,0,560
0.58,0.65,0.3,0.12,0.05,0.5,0.03,0,0.051,0,0.08,0,0,0,0,0,0,569
0.58,0.08,0.89,1.27,0.06,0.02,0.11,0,0,0,0.14,0,0,0,0,0,0,538
0.58,0.81,0.89,1.27,0.06,0.02,0.11,0,0,0,0.14,0,0,0,0,0,0,530
0.64,0.73,0.82,1.26,0.05,0,0.16,0,0.006,0,0.03,0,0,0,0.012,0,0,469
0.65,1.14,0.4,1.15,0,0,0.15,0,0,0,0,0,0,0,0.005,0,0,473
0.65,1.14,0.4,1.15,0,0,0.15,0,0,0,0,0,0,0,0.005,0,0,464
0.67,1.39,0.75,0.03,0.32,0,0.19,0,0.002,0,0.4,0,0,0,0.01,0,0,473
0.69,1.41,0.7,0.05,0.03,0,0.19,0,0.005,0,0.03,0,0,0,0.007,0,0,486
0.75,0.7,0,0.75,1.35,0.3,0.15,0,0,0,0,0,0,0,0,0,0,504
0.78,1.61,0.48,0,0,0,0.16,0,0.018,0,0.18,0,0,0,0.018,0,0,651
0.11,0.47,0.21,2.29,0.14,1.02,0,0,0,0,0.18,0,0,0,0,0,0,738
0.13,0.56,0.26,0.07,0.05,0,0,0,0,0,0.2,0,0,0,0,0,0,723
0.13,0.51,0.31,1.5,1.55,0.06,0,0,0.01,0,0.22,0,0,0,0,0,0,713
0.13,0.51,0.31,1.5,1.55,0.06,0,0,0.01,0,0.22,0,0,0,0,0,0,713
0.13,0.63,0.32,0.95,0.07,0.86,0.19,0,0,0,0,0,0,0,0,0,0,703
0.15,0.67,0.48,1.2,0.25,0,0.31,0,0,0,0.18,0,0,0,0,0,0,708
0.16,1.12,0.22,0.99,0.12,0.02,0.01,0,0.015,0,0.22,0,0,0,0,0,0,673
0.16,1.12,0.22,0.99,0.12,0.02,0.01,0,0.015,0,0.22,0,0,0,0,0,0,673
0.16,0.5,0.31,1.95,2.02,0.03,0.01,0,0.03,0,0.2,0,0,0,0,0,0,723
0.16,0.5,0.31,1.95,2.02,0.03,0.01,0,0.03,0,0.2,0,0,0,0,0,0,723
0.17,0.79,0.27,0.08,0.45,0.41,0.02,0,0,0,0.16,0,0,0,0,0,0,693
0.18,0.39,0.39,0.586,1.207,0.289,0.098,0,0.014,0.555,0.117,0.014,0.011,0.001,0.006,0,0,342
0.18,0.62,0.25,0.8,0.14,0.4,0,0,0,0,0.18,0,0,0,0,0,0,708
0.19,1.12,0.38,0.28,0.79,0.27,0,0,0,0,0.98,0,0,0,0,0,0,673
0.19,1.12,0.38,0.28,0.79,0.27,0,0,0,0,0.98,0,0,0,0,0,0,673
0.19,1.2,0.42,0.08,0.06,0,0,0,0.001,0,0.21,0,0,0,0,0,0,703
0.2,1.2,0.38,0.06,0.55,0,0,0,0,0,0.91,0,0,0,0,0,0,668
0.2,1.2,0.53,0.1,0,0,0,0,0.001,0,0.17,0,0,0,0,0,0,703
0.22,0.64,0.25,0.97,0.33,0.23,0,0,0,0,0.16,0,0,0,0,0,0,673
0.22,0.64,0.25,0.97,0.33,0.23,0,0,0,0,0.16,0,0,0,0,0,0,673
0.23,1.53,0.4,0.03,0,0,0,0,0,0,0,0,0,0,0,0,0,673
0.23,1.32,0.45,0.05,0,0,0,0,0.026,0,0,0,0,0,0,0,0,683
0.23,0.68,0.47,0.96,0,0.39,0,0,0,0,0,0,0,0,0,0,0,698
0.24,1.06,0.21,0.79,0.18,0.02,0.1,0,0,0,0.17,0,0,0,0,0,0,693
0.24,1.06,0.21,0.79,0.18,0.02,0.1,0,0,0,0.17,0,0,0,0,0,0,693
0.28,0.36,0.11,2.57,0.04,0.03,0.35,0,0,8.88,0,0,0,0,0,0,0,693
0.28,0.39,0.16,2.35,0.06,0.06,0.53,0,0,4.1,0,0,0,0,0,0,0,673
0.3,0.64,0.22,1.01,0.11,0.24,0,0,0,0,0.19,0,0,0,0,0,0,658
0.3,0.64,0.22,1.01,0.11,0.24,0,0,0,0,0.19,0,0,0,0,0,0,658
0.3,0.46,0.24,1.44,2.06,0.37,0,0,0,0,0.2,0,0,0,0,0,0,623
0.3,0.46,0.24,1.44,2.06,0.37,0,0,0,0,0.2,0,0,0,0,0,0,623
0.3,0.51,0.32,0.07,3.03,0,0,0,0.032,0,0,0,0,0,0,0,0,613
0.35,0.65,0.23,1.11,0.23,0.05,0,0,0,0,0.18,0,0,0,0,0,0,633
0.36,0.928,0.46,0.684,0.687,0.26,0.07,0,0.006,0.06,0.064,0.002,0.001,0,0.002,0,0,613
0.36,0.49,0.25,1.54,0.21,0.03,0,0,0,0,0.16,0,0,0,0,0,0,613
0.36,0.49,0.25,1.54,0.21,0.03,0,0,0,0,0.16,0,0,0,0,0,0,613
0.36,0.69,0.29,1.09,0.08,0.07,0.01,0,0,0,0.12,0,0,0,0,0,0,633
0.36,0.69,0.29,1.09,0.08,0.07,0.01,0,0,0,0.12,0,0,0,0,0,0,633
0.38,0.81,0.18,1.54,0.01,0.63,0.27,0,0,0,0,0,0,0,0,0,0,623
0.38,0.64,0.23,0.99,0.08,0.16,0,0,0,0,0.17,0,0,0,0,0,0,633
0.38,0.64,0.23,0.99,0.08,0.16,0,0,0,0,0.17,0,0,0,0,0,0,633
0.38,1.14,1.05,0.23,0,0,0.02,0,0,0,0,0,0,0,0,0,0,603
0.38,1.14,1.05,0.23,0,0,0.02,0,0,0,0,0,0,0,0,0,0,603
0.38,0.79,1.37,0.16,0.16,0,0.01,0,0,0,0.1,0,0,0,0,0,0,628
0.39,0.45,0.58,1.45,0.13,0.47,0.7,0,0,0.55,0,0,0,0,0,0,0,613
0.39,0.45,0.58,1.45,0.13,0.47,0.7,0,0,0.55,0,0,0,0,0,0,0,633
0.4,0.35,0.2,1.27,4.03,0.24,0.04,0,0,0,0.16,0,0,0,0,0,0,538
0.4,0.35,0.2,1.27,4.03,0.24,0.04,0,0,0,0.16,0,0,0,0,0,0,543
0.41,0.71,0.25,1.06,0.22,0.02,0,0,0,0,0.17,0,0,0,0,0,0,628
0.42,1.82,0.27,0,0,0,0,0,0,0,0,0,0,0,0,0,0,613
0.43,0.43,0.24,0.04,5,0,0,0,0.032,0,0,0,0,0,0,0,0,533
0.43,0.75,0.27,1.31,0.11,0.72,0.23,0,0,0,0,0,0,0,0,0,0,598
0.43,0.75,0.27,1.31,0.11,0.72,0.23,0,0,0,0,0,0,0,0,0,0,598
0.43,1.67,0.28,0.32,0.11,0.03,0.1,0,0,0,0.06,0,0,0,0,0,0,583
0.44,0.66,0.22,0.15,0,0,0.02,0,0,0,0,0,0,0,0,0,0,623
0.44,0.66,0.22,0.15,0,0,0.02,0,0,0,0,0,0,0,0,0,0,623
0.44,0.8,0.22,1.04,0.26,0.04,0,0,0,0,0.17,0,0,0,0,0,0,628
0.44,0.8,0.22,1.04,0.26,0.04,0,0,0,0,0.17,0,0,0,0,0,0,628
0.44,0.75,0.26,1.7,0.17,0.08,0.09,0,0,0,0.18,0,0,0,0,0,0,573
0.44,0.75,0.26,1.7,0.17,0.08,0.09,0,0,0,0.18,0,0,0,0,0,0,573
0.46,0.5,0.22,1,0.22,0.21,0,0,0,0,0.26,0,0,0,0,0,0,563
0.46,0.5,0.22,1,0.22,0.21,0,0,0,0,0.26,0,0,0,0,0,0,563
0.46,0.5,0.24,1.52,3.96,0.07,0,0,0,0.59,0.2,0,0,0,0,0,0,508
0.47,0.82,0.35,1.2,0.04,0,0.11,0,0,0,0.14,0,0,0,0,0,0,573
0.47,0.82,0.35,1.2,0.04,0,0.11,0,0,0,0.14,0,0,0,0,0,0,573
0.47,1.04,0.35,1.2,0.05,0.05,0.12,0,0,0,0.16,0,0,0,0,0,0,563
0.47,1.04,0.35,1.2,0.05,0.05,0.12,0,0,0,0.16,0,0,0,0,0,0,563
0.48,1.98,0.28,0,0,0,0,0,0,0,0,0,0,0,0,0,0,563
0.5,0.8,0.32,1.04,0.11,0.24,0,0,0,0,0.17,0,0,0,0,0,0,563
0.5,0.8,0.32,1.04,0.11,0.24,0,0,0,0,0.17,0,0,0,0,0,0,563
0.52,0.7,0.29,1.09,1.72,0.43,0.14,0,0,0,0,0,0,0,0,0,0,528
0.52,0.7,0.29,1.09,1.72,0.43,0.14,0,0,0,0,0,0,0,0,0,0,548
0.55,0.98,0.22,1.02,0.01,0,0.11,0,0,0,0.07,0,0,0,0,0,0,543
0.55,0.98,0.22,1.02,0.01,0,0.11,0,0,0,0.07,0,0,0,0,0,0,543
0.55,0.34,0.94,1.27,0.12,0.05,0.18,0,0,2.1,0,0,0,0,0,0,0,548
0.55,0.34,0.94,1.27,0.12,0.05,0.18,0,0,2.1,0,0,0,0,0,0,0,583
0.58,0.81,0.89,1.27,0.06,0.02,0.11,0,0,0,0.14,0,0,0,0,0,0,528
0.58,0.81,0.89,1.27,0.06,0.02,0.11,0,0,0,0.14,0,0,0,0,0,0,543
0.73,0.73,1.62,0.1,0.12,0,0.01,0,0,0,0.19,0,0,0,0,0,0,488
0.76,0.29,0.22,0.11,0.07,0.02,0.02,0,0,0,0.17,0,0,0,0,0,0,483
0.76,0.29,0.22,0.11,0.07,0.02,0.02,0,0,0,0.17,0,0,0,0,0,0,518
0.98,1.84,0.08,0,0,0,0,0,0,0,0,0,0,0,0,0,0,393
1.03,0.22,0.17,0.07,0.1,0.01,0,0,0,0,0.04,0,0,0,0,0,0,433
1.03,0.22,0.17,0.07,0.1,0.01,0,0,0,0,0.04,0,0,0,0,0,0,448
1.04,0.33,0.26,1.53,0.31,0,0,0,0,0,0.2,0,0,0,0,0,0,408
1.04,0.33,0.26,1.53,0.31,0,0,0,0,0,0.2,0,0,0,0,0,0,518
1.06,0.97,0.28,1.05,0.13,0.03,0,0,0,1.15,0.25,0,0,0,0,0,0,518
1.42,0.61,0.37,1.37,0,0,0.18,0,0,0,0.04,0,0,0,0,0,0,493
1.42,2.16,1.62,2.57,5.35,1.29,0.7,0,0.077,8.88,0.98,0.23,0.18,0.006,0.05,0,0,769
0.15,0.57,0.28,0.63,0.91,0.61,0.3,0,0.032,0,0,0,0,0,0,0,0,691
0.2,0.58,0.31,0,2.9,0.25,0,0,0,0,0,0,0,0,0,0,0,668
0.21,0.56,0.27,0,2.95,0.51,0,0,0,0,0,0,0,0,0,0,0,669
0.3,0.69,0.38,0.78,1.79,0.24,0,0,0,0,0,0,0,0,0,0,0,615
0.3,0.69,0.4,0.99,0.2,0.43,0,0,0,0,0,0,0,0,0,0,0,633
0.31,0.69,0.38,0.79,0.2,0.57,0,0,0,0,0,0,0,0,0,0,0,650
0.32,0.86,1.44,1.01,0.51,0.49,0.071,0,0,0,0,0,0,0,0,0,0,601
0.33,0.86,1.62,0.81,1.8,0.4,0.067,0,0,0,0,0,0,0,0,0,0,593
0.34,0.8,0.38,0.34,0,0.78,0,0,0,0,0,0,0,0,0,0,0,631
0.35,0.82,0.36,1.51,0,0.84,0,0,0,0,0,0,0,0,0,0,0,608
0.35,0.8,0.36,0,2.58,0.78,0,0,0,0,0,0,0,0,0,0,0,581
0.35,0.8,0.38,0.35,0,0.51,0,0,0,0,0,0,0,0,0,0,0,630
0.35,0.83,0.39,0.35,0,0.24,0,0,0,0,0,0,0,0,0,0,0,635
0.35,0.86,1.55,1.21,0.21,0.58,0.037,0,0,0,0,0,0,0,0,0,0,588
0.35,0.86,1.58,1.5,0.23,0.58,0.071,0,0,0,0,0,0,0,0,0,0,584
0.36,0.75,0.29,0,0.72,0.82,0,0,0,0,0,0,0,0,0,0,0,629
0.36,0.8,0.3,0,0.75,0.02,0,0,0,0,0,0,0,0,0,0,0,596
0.36,0.78,0.31,0,0.73,0.49,0,0,0,0,0,0,0,0,0,0,0,636
0.36,0.82,0.35,0,1.41,0.74,0,0,0,0,0,0,0,0,0,0,0,607
0.36,0.83,0.36,0,2.6,0.49,0,0,0,0,0,0,0,0,0,0,0,588
0.36,0.86,0.37,0,2.62,0.02,0,0,0,0,0,0,0,0,0,0,0,597
0.36,0.85,0.37,1.52,0,0.5,0,0,0,0,0,0,0,0,0,0,0,608
0.36,0.86,0.37,1.54,0,0.01,0,0,0,0,0,0,0,0,0,0,0,609
0.36,0.86,0.38,1.54,0,0.26,0,0,0,0,0,0,0,0,0,0,0,605
0.36,0.84,0.38,0,2.6,0.24,0,0,0,0,0,0,0,0,0,0,0,593
0.36,0.83,0.38,0.34,0,0.01,0,0,0,0,0,0,0,0,0,0,0,619
0.36,1.47,0.41,0.76,0,0.5,0,0,0,0,0,0,0,0,0,0,0,596
0.36,1.46,0.42,0.75,0,0.78,0,0,0,0,0,0,0,0,0,0,0,600
0.37,0.82,0.36,0.73,0,0.76,0,0,0,0,0,0,0,0,0,0,0,614
0.37,0.84,0.36,0,1.4,0.47,0,0,0,0,0,0,0,0,0,0,0,601
0.37,0.85,0.36,0,1.44,0.02,0,0,0,0,0,0,0,0,0,0,0,601
0.37,0.84,0.37,0.74,0,0.5,0,0,0,0,0,0,0,0,0,0,0,621
0.37,0.85,0.37,0,1.44,0.24,0,0,0,0,0,0,0,0,0,0,0,611
0.37,0.85,0.37,0.74,0,0.02,0,0,0,0,0,0,0,0,0,0,0,619
0.37,0.85,0.39,0.73,0,0.26,0,0,0,0,0,0,0,0,0,0,0,615
0.37,1.49,0.41,0.77,0,0.25,0,0,0,0,0,0,0,0,0,0,0,588
0.37,0.8,1.47,0,0,0.79,0,0,0,0,0,0,0,0,0,0,0,605
0.38,0.68,0.29,0,3.48,0.48,0,0,0,0,0,0,0,0,0,0,0,524
0.38,0.82,0.32,0,0,0.26,0,0,0,0,0,0,0,0,0,0,0,590
0.38,0.85,0.33,0.74,1.46,0.01,0,0,0,0,0,0,0,0,0,0,0,607
0.38,0.82,0.34,0.75,1.46,0.74,0,0,0,0,0,0,0,0,0,0,0,585
0.38,0.84,0.34,0.73,1.46,0.48,0,0,0,0,0,0,0,0,0,0,0,591
0.38,0.85,0.35,0.73,1.45,0.24,0,0,0,0,0,0,0,0,0,0,0,591
0.38,1.45,0.36,0,0,0.76,0,0,0,0,0,0,0,0,0,0,0,601
0.38,1.5,0.4,0.77,0,0.02,0,0,0,0,0,0,0,0,0,0,0,588
0.38,0.8,1.47,0,0,0.52,0,0,0,0,0,0,0,0,0,0,0,607
0.38,0.82,1.48,0.72,0,0.77,0,0,0,0,0,0,0,0,0,0,0,607
0.39,0.82,0.26,1,0,0.21,0,0,0,0,0,0,0,0,0,0,0,608
0.39,0.69,0.29,0,3.56,0.24,0,0,0,0,0,0,0,0,0,0,0,515
0.39,0.73,0.35,0.75,2.51,0.49,0,0,0,0,0,0,0,0,0,0,0,534
0.39,1.45,0.37,0,0,0.49,0,0,0,0,0,0,0,0,0,0,0,596
0.39,0.71,0.39,0,3.53,0.02,0,0,0,0,0,0,0,0,0,0,0,523
0.39,1.39,1.48,0.73,0,0.77,0,0,0,0,0,0,0,0,0,0,0,564
0.39,0.8,1.48,0,0,0.26,0,0,0,0,0,0,0,0,0,0,0,609
0.39,0.84,1.49,0.73,0,0.52,0,0,0,0,0,0,0,0,0,0,0,596
0.39,1.41,1.49,0.74,0,0.51,0,0,0,0,0,0,0,0,0,0,0,562
0.4,0.74,0.31,0.77,3.56,0.5,0,0,0,0,0,0,0,0,0,0,0,510
0.4,1.32,0.33,0,0,0.004,0,0,0,0,0,0,0,0.004,0,0,0,599
0.4,0.8,0.33,0,0,0.79,0,0,0,0,0,0,0,0,0,0,0,603
0.4,0.8,0.33,0,0,0.79,0,0,0,0,0,0,0,0,0,0,0,603
0.4,1.33,0.35,0,0,0.08,0,0,0,0,0,0,0,0.003,0,0,0,599
0.4,0.82,0.35,0,0,0.53,0,0,0,0,0,0,0,0,0,0,0,599
0.4,0.75,0.35,0,4.43,0.25,0,0,0,0,0,0,0,0,0,0,0,504
0.4,0.82,0.35,0,0,0.53,0,0,0,0,0,0,0,0,0,0,0,601
0.4,1.33,0.36,0,0,0.18,0,0,0,0,0,0,0,0.003,0,0,0,589
0.4,0.87,0.36,0.34,0,0.25,0,0,0,0,0,0,0,0,0,0,0,603
0.4,1.47,0.37,0,0,0.26,0,0,0,0,0,0,0,0,0,0,0,596
0.4,0.73,0.38,0.75,2.58,0.24,0,0,0,0,0,0,0,0,0,0,0,549
0.4,0.74,0.38,0.75,2.57,0.003,0,0,0,0,0,0,0,0,0,0,0,551
0.4,0.72,0.4,0.75,0.78,0.5,0,0,0,0,0,0,0,0,0,0,0,567
0.4,0.73,0.4,0.75,0.78,0.27,0,0,0,0,0,0,0,0,0,0,0,573
0.4,0.74,0.4,0.75,0.78,0.03,0,0,0,0,0,0,0,0,0,0,0,573
0.4,0.73,0.41,0.75,4.53,0.5,0,0,0,0,0,0,0,0,0,0,0,495
0.4,1.39,1.37,0.76,1.34,0.52,0,0,0,0,0,0,0,0,0,0,0,519
0.4,1.37,1.38,0.75,1.31,0.73,0,0,0,0,0,0,0,0,0,0,0,520
0.4,0.81,1.48,0,0,0.02,0,0,0,0,0,0,0,0,0,0,0,601
0.4,1.38,1.5,0,0,0.8,0,0,0,0,0,0,0,0,0,0,0,591
0.4,0.84,1.5,0.74,0,0.26,0,0,0,0,0,0,0,0,0,0,0,595
0.4,0.84,1.5,0.74,0,0.02,0,0,0,0,0,0,0,0,0,0,0,598
0.4,1.4,1.51,0,0,0.53,0,0,0,0,0,0,0,0,0,0,0,589
0.4,1.42,1.51,0.76,0,0.26,0,0,0,0,0,0,0,0,0,0,0,564
0.41,0.76,0.32,0.77,3.59,0.25,0,0,0,0,0,0,0,0,0,0,0,514
0.41,0.76,0.32,0.77,3.59,0.03,0,0,0,0,0,0,0,0,0,0,0,512
0.41,0.84,0.34,0.35,0,0.77,0,0,0,0,0,0,0,0,0,0,0,607
0.41,0.76,0.35,0,4.45,0.01,0,0,0,0,0,0,0,0,0,0,0,502
0.41,0.84,0.35,0.35,0,0.49,0,0,0,0,0,0,0,0,0,0,0,609
0.41,0.86,0.36,0.33,0,0.01,0,0,0,0,0,0,0,0,0,0,0,621
0.41,0.74,0.4,0.75,4.56,0.03,0,0,0,0,0,0,0,0,0,0,0,510
0.41,0.73,0.42,0.75,4.54,0.26,0,0,0,0,0,0,0,0,0,0,0,506
0.41,1.41,1.41,0.78,1.36,0.26,0,0,0,0,0,0,0,0,0,0,0,515
0.41,1.42,1.42,0.78,1.37,0.03,0,0,0,0,0,0,0,0,0,0,0,522
0.41,1.41,1.51,0,0,0.27,0,0,0,0,0,0,0,0,0,0,0,597
0.41,1.44,1.51,0.75,0,0.01,0,0,0,0,0,0,0,0,0,0,0,557
0.41,1.42,1.52,0,0,0.02,0,0,0,0,0,0,0,0,0,0,0,588
0.43,1.67,0.28,0.32,0.11,0.03,0.1,0,0,0,0.06,0,0,0,0,0,0,583
0.53,0.83,0.34,0.92,0,0.21,0,0,0,0,0,0,0,0,0,0,0,527
0.33,0.62,0.21,0.1,0.89,0.05,0,0,0,0,0,0,0,0,0,0,0,633
0.19,1.37,0.14,0.2,0.56,0.31,0,0,0,0,0,0,0,0,0,0,0,653
0.29,1.67,0.26,0.12,0.21,0.04,0,0,0,0,0.11,0,0,0,0,0,0,573
0.33,1.54,0.23,0.15,0.18,0.05,0,0,0,0,0,0,0,0,0,0,0,593
0.33,1.48,0.18,0.16,0.26,0.27,0,0,0,0,0.14,0,0,0,0,0,0,613
0.38,1.49,0.25,0,0,0.41,0,0,0,0,0,0,0,0,0,0,0,558
0.48,0.86,0.25,0.98,0.18,0.04,0,0,0,0,0.09,0,0,0,0,0,0,553
0.41,0.67,0.23,1.01,0.2,0.23,0,0,0,0,0,0,0,0,0,0,0,578
0.33,0.74,0.23,0.07,3.47,0,0,0,0,0,0,0,0,0,0,0,0,583
0.32,0.61,0.28,0.63,3.22,0.22,0.025,0,0,0.16,0.12,0,0,0,0,0,0,583
0.38,0.69,0.2,0.95,1.58,0.26,0,0,0,0,0,0,0,0,0,0,0,586
0.31,0.62,0.2,0.64,2.63,0.58,0,0,0,0,0,0,0,0,0,0,0,589
0.42,0.67,0.31,0.72,2.53,0.48,0,0,0,0,0,0,0,0,0,0,0,558
0.25,0.52,0.15,1.14,3.33,0.65,0.16,0,0,0,0,0,0,0,0,0,0,613
0.32,0.47,0.29,1.21,4.13,0.3,0.013,0,0,0.11,0.15,0,0,0,0,0,0,568
1.08,0.53,0.25,1.46,0.33,0.06,0.025,0,0,0.11,0.09,0,0,0,0,0,0,478
0.26,0.55,0.21,3.34,0.25,0.54,0,0,0,0,0,0,0,0,0,0,0,623
0.75,0.7,0.33,0.17,0.2,0,0,0,0,0,0,0,0,0,0,0,0,483
0.96,0.55,0.32,0.11,0.08,0,0,0,0,0,0,0,0,0,0,0,0,463
0.55,0.87,1.74,0,0,0,0,0,0,0,0,0,0,0,0,0,0,528
0.51,0.72,0.27,0.94,0.15,0.05,0.2,0,0,0.11,0.15,0,0,0,0,0,0,548
0.24,0.27,0.37,13.32,0.32,0.06,0,0,0,0,0.09,0,0,0,0,0,0,553
0.4,1.34,0.21,0.53,1.03,0.22,0,0,0,0,0.08,0,0,0,0,0,0,558
0.39,0.62,0.23,1.11,1.44,0.18,0,0,0,0,0,0,0,0,0,0,0,593
0.59,0.66,0.34,0.65,0.17,0.02,0,0,0,0,0,0,0,0,0,0,0,553
0.19,1.37,0.14,0.2,0.56,0.31,0,0,0,0,0,0,0,0,0,0,0,683
0.27,0.6,0.13,0.74,0.19,0.55,0,0,0,0,0,0,0,0,0,0,0,663
0.41,0.58,0.28,1.39,0.15,0.74,0,0,0,0,0,0,0,0,0,0,0,573
0.32,0.47,0.29,1.21,4.13,0.3,0,0,0,0,0,0,0,0,0,0,0,573
0.55,0.87,1.74,0.1,0.16,0.02,0,0,0,0,0,0,0,0,0,0,0,533
0.37,0.89,0.28,0.63,1.24,0.05,0,0,0,0,0,0,0,0,0,0,0,593
0.95,0.4,0.26,0.36,2.95,0.08,0,0,0,0,0,0,0,0,0,0,0,403
0.99,0.56,0.29,0.32,1.61,0.29,0,0,0,0,0,0,0,0,0,0,0,413
0.14,0.46,0.19,1.11,3.55,0.12,0,0,0,0,0,0,0,0,0,0,0,683
0.7,0.35,0.16,0.96,3.24,0.06,0,0,0,0,0,0,0,0,0,0,0,462
1,0.3,0.12,0.9,3.27,0.07,0,0,0,0,0,0,0,0,0,0,0,393
0.54,0.34,0.26,1.28,3.92,0.07,0,0,0,0,0,0,0,0,0,0,0,493
1.02,0.47,0.27,1.22,4.15,0.05,0,0,0,0,0,0,0,0,0,0,0,393
0.15,0.38,0.2,1.16,4.33,0.17,0,0,0,0,0,0,0,0,0,0,0,635
0.56,0.47,0.18,1.16,4.25,0.18,0,0,0,0,0,0,0,0,0,0,0,472
0.93,0.5,0.3,1.18,4.25,0.16,0,0,0,0,0,0,0,0,0,0,0,388
0.92,0.93,0.3,0.57,0.9,0.03,0,0,0,0,0,0,0,0,0,0,0,438
0.96,0.74,0.26,0.84,1.19,0.09,0,0,0,0,0,0,0,0,0,0,0,408
1,0.99,0.28,1.12,1.42,0.11,0,0,0,0,0,0,0,0,0,0,0,403
0.19,0.9,0.21,1.08,1.87,0.18,0,0,0,0,0,0,0,0,0,0,0,683
0.97,1,0.33,1.13,1.93,0.23,0,0,0,0,0,0,0,0,0,0,0,443
0.2,0.61,0.23,1.65,2,0.19,0,0,0,0,0,0,0,0,0,0,0,663
0.93,0.71,0.38,1.7,2.1,0.2,0,0,0,0,0,0,0,0,0,0,0,448
0.33,1.54,0.23,0.15,0.18,0.05,0,0,0,0,0,0,0,0,0,0,0,593
0.43,1.57,0.23,0.12,0.2,0.07,0,0,0,0,0,0,0,0,0,0,0,574
0.75,0.7,0.33,0.17,0.2,0,0,0,0,0,0,0,0,0,0,0,0,483
0.96,0.55,0.32,0.11,0.08,0,0,0,0,0,0,0,0,0,0,0,0,463
1.35,0.52,0.28,0,0,0,0,0,0,0,0,0,0,0,0,0,0,373
0.8,1.88,0,0,0,0,0,0,0,0,0,0,0,0,0,0,0,450
1.2,1.88,0,0,0,0,0,0,0,0,0,0,0,0,0,0,0,323
0.4,1,0,0,0,0.1,0,0,0,0,0,0,0,0,0,0,0,589
0.38,1.51,0.26,0.99,0.4,0,0,0,0,0,0,0,0,0,0,0,0,561
0.34,1.06,0.2,0.23,0.75,0.02,0,0,0,0,0,0,0,0,0,0,0,598
0.76,0.41,0.2,0.13,2.5,0.08,0,0,0,0,0.12,0,0,0,0,0,0,473
0.37,0.68,0,0,3.41,0,0,0,0,0,0,0,0,0,0,0,0,573
0.4,0.57,0,0,3.49,0.01,0,0,0,0,0,0,0,0,0,0,0,573
0.4,0.52,0,0,5,0,0,0,0,0,0,0,0,0,0,0,0,566
0.6,0.52,0,0,5,0,0,0,0,0,0,0,0,0,0,0,0,573
1.2,0.52,0.28,0.07,5,0.03,0,0,0,0,0,0,0,0,0,0,0,310
0.08,0.49,0,0,8.94,0,0,0,0,0,0,0,0,0,0,0,0,633
0.35,0.65,0.13,0.55,1.27,0,0,0,0,0,0,0,0,0,0,0,0,613
0.38,0.72,0,0.49,1.32,0,0,0,0,0,0,0,0,0,0,0,0,605
0.4,0.45,0,1.52,3.33,0,0,0,0,0,0,0,0,0,0,0,0,573
0.6,0.45,0,1.52,3.33,0,0,0,0,0,0,0,0,0,0,0,0,505
0.28,0.7,0.47,5.25,0,0.62,0,0,0.05,0,0,0,0,0,0,0,0,673
0.22,0.54,0,12.46,0.64,0.99,0.29,0,0,0,0,0,0,0,0,0,0,553
0.11,0.44,0.37,12.18,0.16,0,0,0,0,0,0,0,0,0,0,0,0,623
1.32,0.28,0.5,0.22,0,0,0,0,0,3.51,0,0,0,0,0,0,0,441
0.75,0.7,0,0.75,1.5,0.3,0,0,0,0,0,0,0,0,0,0,0,494
0.45,0.7,0,1,0,0,0.2,0,0,0,0,0,0,0,0,0,0,589
1.01,0.5,0.3,1.21,0,0,0,0,0,0,0,0,0,0,0,0,0,477
0.14,0.41,0.21,5.12,0.19,0.51,0,0,0,0,0,0,0,0,0,0,0,655
0.6,0.75,1.9,0.25,0,0.3,0,0,0,0,0,0,0,0,0,0,0,533
0.5,0,0,1.25,0,0,0.2,0,0,2.75,0,0,0,0,0,0,0,588
0.85,1.18,0.26,0.5,0,0,0,0,0,0.44,0,0,0,0,0,0,0,477
0.97,0.48,0.4,4.58,0,1.04,0.25,0,0,0,0,0,0,0,0,0,0,438
2.25,0,0,11.5,0,0.8,0.2,0,0,0,0,0,0,0,0,0,0,422
1.5,0,0,11.5,0,0.8,0.2,0,0,0,0,0,0,0,0,0,0,494
0.28,0,0,3.25,0,0,0.25,0,0,9,0,0,0,0,0,0,0,652
0.4,0,1.15,5.25,0,0,0,0,0,4.25,0,0,0,0,0,0,0,528
0.4,0,1.05,5,0,1.35,1.1,0,0,0,0,0,0,0,0,0,0,599
0.4,0,1.05,5,0,1.35,0.35,0,0,0,0,0,0,0,0,0,0,542
0.8,0,0,4,0,0.75,2,5,0,14,0,0,0,0,0,0,0,460
0.73,0,0,4,0,0,2,0,0,14,0,0,0,0,0,0,0,477
0.72,0.23,0.43,4.04,0,0,1.24,4.72,0,18.38,0,0,0,0,0,0,0,450
0.85,0,0,4,0,0.75,2.1,0,0,0,0,0,0,0,0,0,0,472
0.72,0.27,0.39,4.09,0,0,1.25,0,0,18.59,0,0,0,0,0,0,0,472
0.81,0.41,0.31,4.11,0,4.27,1.51,5.22,0,5.46,0,0,0,0,0,0,0,450
0.85,0,0,4,0,8,1.9,0,0,0,0,0,0,0,0,0,0,466
0.83,0.32,0.25,3.89,0,4.3,1.3,0,0,5.79,0,0,0,0,0,0,0,450
0.81,0.24,0.26,4.1,0,4.69,1.64,0,0,5.95,0,0,0,0,0,0,0,483
0.45,0.8,0.25,1.15,0.55,1,0.05,0,0,0,0,0,0,0,0,0,0,560
0.41,0.57,0,1.57,0,0.36,0,0,1.26,0,0,0,0,0,0,0,0,597
0.49,0.54,0,0,0,0,0,0,0,0,1.49,0,0,0,0,0,0,594
0.78,0.86,0,0.49,0.59,0.21,0,0,0,0,0,0,0,0.0025,0,0,0,485
0.5,0.77,0,0.5,0.6,0.21,0,0,0,0,0,0,0,0.0016,0,0,0,561
0.45,0.89,0,0.66,0.59,0.12,0,0,0,0,0,0,0,0.0015,0,0,0,573
0.43,1.02,0,0.48,0.31,0.13,0,0,0,0,0,0,0,0.0009,0,0,0,583
0.62,0.82,2.01,0.07,0,0,0,0,0,0,0,0,0,0,0,0,0,523
0.55,0.78,1.62,0.77,0,0,0,0,0,0,0,0,0,0,0,0,0,547
0.54,0.23,1.27,0.05,0,0,0,0,0,0,0,0,0,0,0,0,0,583
0.53,0.24,2.32,0.32,0,0,0,0,0,0,0,0,0,0,0,0,0,588
0.51,0.25,3.8,0.32,0,0,0,0,0,0,0,0,0,0,0,0,0,585
0.57,0.82,0,1.07,1.16,0.26,0,0,0,0,0,0,0,0,0,0,0,533
0.38,1.08,0.7,0.4,0.34,0.11,0,0,0,0,0,0,0,0,0,0,0,594
0.59,0.89,0,0.64,0.53,0.22,0,0,0,0,0,0,0,0,0,0,0,527
0.3,0.8,0,0.55,0.54,0.21,0,0,0,0,0,0,0,0,0,0,0,644
0.44,1.64,0.06,1.64,1.84,0.4,0.15,0,0,0,0,0,0,0,0,0,0,566
0.32,0.51,0.19,1.37,3.02,0.48,0.18,0,0,0,0,0,0,0,0,0,0,588
0.43,0.74,0,0.92,0,0,0.16,0,0,0,0,0,0,0,0,0,0,594
1.02,0.36,0,1.41,0.2,0,0,0,0,0,0,0,0,0,0,0,0,419.26
0.19,0,0,0,0,0,0,0,0,0,0,0,0,0,0,0,0,753.15
0.19,0,0,0,0,0,0,0,0,0,0,0,0,0,0,0,0,753.15
0.19,0,0,0,0,0,0,0,0,0,0,0,0,0,0,0,0,757.15
0.19,0,0,0,0,0,0,0,0,0,0,0,0,0,0,0,0,760.15
0.19,0,0,0,0,0,0,0,0,0,0,0,0,0,0,0,0,757.15
0.19,0,0,0,0,0,0,0,0,0,0,0,0,0,0,0,0,744.15
0.19,0,0,0,0,0,0,0,0,0,0,0,0,0,0,0,0,752.15
0.19,0,0,0,0,0,0,0,0,0,0,0,0,0,0,0,0,744.15
0.19,0,0,0,0,0,0,0,0,0,0,0,0,0,0,0,0,758.15
0.19,0,0,0,0,0,0,0,0,0,0,0,0,0,0,0,0,743.15
0.19,0,0,0,0,0,0,0,0,0,0,0,0,0,0,0,0,743.15
0.19,0,0,0,0,0,0,0,0,0,0,0,0,0,0,0,0,765.15
0.19,0,0,0,0,0,0,0,0,0,0,0,0,0,0,0,0,767.15
0.19,0,0,0,0,0,0,0,0,0,0,0,0,0,0,0,0,764.15
0.19,0,0,0,0,0,0,0,0,0,0,0,0,0,0,0,0,769.15
0.19,0,0,0,0,0,0,0,0,0,0,0,0,0,0,0,0,765.15
0.4,0,0,0,0,0,0,0,0,0,0,0,0,0,0,0,0,671.15
0.4,0,0,0,0,0,0,0,0,0,0,0,0,0,0,0,0,677.15
0.4,0,0,0,0,0,0,0,0,0,0,0,0,0,0,0,0,671.15
0.4,0,0,0,0,0,0,0,0,0,0,0,0,0,0,0,0,671.15
0.4,0,0,0,0,0,0,0,0,0,0,0,0,0,0,0,0,678.15
0.4,0,0,0,0,0,0,0,0,0,0,0,0,0,0,0,0,672.15
0.4,0,0,0,0,0,0,0,0,0,0,0,0,0,0,0,0,668.15
0.4,0,0,0,0,0,0,0,0,0,0,0,0,0,0,0,0,666.15
0.4,0,0,0,0,0,0,0,0,0,0,0,0,0,0,0,0,664.15
0.4,0,0,0,0,0,0,0,0,0,0,0,0,0,0,0,0,667.15
0.4,0,0,0,0,0,0,0,0,0,0,0,0,0,0,0,0,664.15
0.4,0,0,0,0,0,0,0,0,0,0,0,0,0,0,0,0,670.15
0.4,0,0,0,0,0,0,0,0,0,0,0,0,0,0,0,0,668.15
0.4,0,0,0,0,0,0,0,0,0,0,0,0,0,0,0,0,676.15
0.4,0,0,0,0,0,0,0,0,0,0,0,0,0,0,0,0,669.15
0.4,0,0,0,0,0,0,0,0,0,0,0,0,0,0,0,0,672.15
0.4,0,0,0,0,0,0,0,0,0,0,0,0,0,0,0,0,674.15
0.4,0,0,0,0,0,0,0,0,0,0,0,0,0,0,0,0,678.15
0.4,0,0,0,0,0,0,0,0,0,0,0,0,0,0,0,0,677.15
0.62,0,0,0,0,0,0,0,0,0,0,0,0,0,0,0,0,597.15
0.62,0,0,0,0,0,0,0,0,0,0,0,0,0,0,0,0,594.15
0.62,0,0,0,0,0,0,0,0,0,0,0,0,0,0,0,0,596.15
0.62,0,0,0,0,0,0,0,0,0,0,0,0,0,0,0,0,598.15
0.62,0,0,0,0,0,0,0,0,0,0,0,0,0,0,0,0,605.15
0.62,0,0,0,0,0,0,0,0,0,0,0,0,0,0,0,0,602.15
0.62,0,0,0,0,0,0,0,0,0,0,0,0,0,0,0,0,596.15
0.62,0,0,0,0,0,0,0,0,0,0,0,0,0,0,0,0,598.15
0.62,0,0,0,0,0,0,0,0,0,0,0,0,0,0,0,0,600.15
0.62,0,0,0,0,0,0,0,0,0,0,0,0,0,0,0,0,596.15
0.62,0,0,0,0,0,0,0,0,0,0,0,0,0,0,0,0,603.15
0.62,0,0,0,0,0,0,0,0,0,0,0,0,0,0,0,0,602.15
0.62,0,0,0,0,0,0,0,0,0,0,0,0,0,0,0,0,599.15
0.62,0,0,0,0,0,0,0,0,0,0,0,0,0,0,0,0,598.15
0.85,0,0,0,0,0,0,0,0,0,0,0,0,0,0,0,0,476.15
0.85,0,0,0,0,0,0,0,0,0,0,0,0,0,0,0,0,474.15
0.85,0,0,0,0,0,0,0,0,0,0,0,0,0,0,0,0,478.15
0.85,0,0,0,0,0,0,0,0,0,0,0,0,0,0,0,0,476.15
0.85,0,0,0,0,0,0,0,0,0,0,0,0,0,0,0,0,479.15
0.85,0,0,0,0,0,0,0,0,0,0,0,0,0,0,0,0,473.15
0.85,0,0,0,0,0,0,0,0,0,0,0,0,0,0,0,0,480.15
0.85,0,0,0,0,0,0,0,0,0,0,0,0,0,0,0,0,472.15
0.85,0,0,0,0,0,0,0,0,0,0,0,0,0,0,0,0,475.15
0.85,0,0,0,0,0,0,0,0,0,0,0,0,0,0,0,0,474.15
0.85,0,0,0,0,0,0,0,0,0,0,0,0,0,0,0,0,475.15
0.85,0,0,0,0,0,0,0,0,0,0,0,0,0,0,0,0,482.15
0.85,0,0,0,0,0,0,0,0,0,0,0,0,0,0,0,0,481.15
0.85,0,0,0,0,0,0,0,0,0,0,0,0,0,0,0,0,483.15
0.85,0,0,0,0,0,0,0,0,0,0,0,0,0,0,0,0,480.15
0.85,0,0,0,0,0,0,0,0,0,0,0,0,0,0,0,0,480.15
0.85,0,0,0,0,0,0,0,0,0,0,0,0,0,0,0,0,477.15
0.85,0,0,0,0,0,0,0,0,0,0,0,0,0,0,0,0,480.15
0.23,0,0,0,0,0,0,0,0,0,0,0,0,0,0,0,0,751.48
0.4,0,0,0,0,0,0,0,0,0,0,0,0,0,0,0,0,682.2
0.5,0,0,0,0,0,0,0,0,0,0,0,0,0,0,0,0,645.18
0.618,0,0,0,0,0,0,0,0,0,0,0,0,0,0,0,0,602.6
0.73,0,0,0,0,0,0,0,0,0,0,0,0,0,0,0,0,550.74
0.8,0,0,0,0,0,0,0,0,0,0,0,0,0,0,0,0,537.78
0.0015,0,0,2.7,0,0,0,0,0,0,0,0,0,0,0,0,0,938
0.0016,0,0,9.6,0,0,0,0,0,0,0,0,0,0,0,0,0,748.15
0,0,0,0,0,0,0,0,0,0,0,0,0,0,0.17,0,0,788.15
0,0,0,0,0,0,0,0,0,0,0,0,0,0,0.44,0,0,690.15
0,0,0,0,0,0,0,0,0,0,0,0,0,0,0.55,0,0,685.15
0,0,0,0,0,0,0,0,0,0,0,0,0,0,0.62,0,0,662.15
0,0,0,0,0,0,0,0,0,0,0,0,0,0,0.67,0,0,626.15
0,0,0,0,0,0,0,0,0,0,0,0,0,0,0.75,0,0,623.15
0,0,0,0,0,0,0,0,0,0,0,0,0,0,0.82,0,0,597.15
0,0,0,0,0,0,0,0,0,0,0,0,0,0,0.94,0,0,607.15
0,0,0,0,0,0,0,0,0,0,0,0,0,0,1.22,0,0,536.15
0,0,0,0,0,0,0,0,0,0,0,0,0,0,1.64,0,0,428.15
0,0,0,0,0,0,0,0,0,0,0,0,0,0,1.9,0,0,406.15
0,0,0,0,0,0,0,0,0,0,0,0,0,0,2.36,0,0,272.15
0,0,0,0,0,0,0,0,0,0,0,0,0,0,2.45,0,0,252.15
0,0,0,0,0,0,0,0,0,0,0,0,0,0,2.5,0,0,244.15
0,0,0,0,0,0,0,0,0,0,0,0,0,0,2.65,0,0,173.15
0.23,0.42,0.02,0,0,0,0,0,0,0,0,0,0,0,0,0,0,690.15
0.23,0.42,0.02,0,0,0,0,0,0,0,0,0,0,0,0,0,0,692.15
0.23,0.42,0.02,0,0,0,0,0,0,0,0,0,0,0,0,0,0,683.15
0.23,0.42,0.02,0,0,0,0,0,0,0,0,0,0,0,0,0,0,685.15
0.23,0.42,0.02,0,0,0,0,0,0,0,0,0,0,0,0,0,0,687.15
0.23,0.42,0.02,0,0,0,0,0,0,0,0,0,0,0,0,0,0,684.15
0.23,0.42,0.02,0,0,0,0,0,0,0,0,0,0,0,0,0,0,682.15
0.23,0.42,0.02,0,0,0,0,0,0,0,0,0,0,0,0,0,0,687.15
0.57,0.54,0.19,0.01,0,0,0,0,0,0,0,0,0,0,0,0,0,582.15
0.57,0.54,0.19,0.01,0,0,0,0,0,0,0,0,0,0,0,0,0,580.15
0.57,0.54,0.19,0.01,0,0,0,0,0,0,0,0,0,0,0,0,0,579.15
0.57,0.54,0.19,0.01,0,0,0,0,0,0,0,0,0,0,0,0,0,573.15
0.57,0.54,0.19,0.01,0,0,0,0,0,0,0,0,0,0,0,0,0,575.15
0.84,0.62,0.23,0.04,0,0,0,0,0,0,0,0,0,0,0,0,0,498.15
0.84,0.62,0.23,0.04,0,0,0,0,0,0,0,0,0,0,0,0,0,499.15
0.84,0.62,0.23,0.04,0,0,0,0,0,0,0,0,0,0,0,0,0,494.15
0.84,0.62,0.23,0.04,0,0,0,0,0,0,0,0,0,0,0,0,0,499.15
0.84,0.62,0.23,0.04,0,0,0,0,0,0,0,0,0,0,0,0,0,495.15
0.84,0.62,0.23,0.04,0,0,0,0,0,0,0,0,0,0,0,0,0,492.15
0.84,0.62,0.23,0.04,0,0,0,0,0,0,0,0,0,0,0,0,0,496.15
0.84,0.62,0.23,0.04,0,0,0,0,0,0,0,0,0,0,0,0,0,497.15
0.84,0.62,0.23,0.04,0,0,0,0,0,0,0,0,0,0,0,0,0,493.15
0.84,0.62,0.23,0.04,0,0,0,0,0,0,0,0,0,0,0,0,0,491.15
0.84,0.62,0.23,0.04,0,0,0,0,0,0,0,0,0,0,0,0,0,493.15
0.84,0.62,0.23,0.04,0,0,0,0,0,0,0,0,0,0,0,0,0,489.15
0.84,0.62,0.23,0.04,0,0,0,0,0,0,0,0,0,0,0,0,0,488.15
0.85,0.04,0.005,0,0,0,0,0,0,0,0,0,0,0,0,0,0,523
1.1,0.04,0.005,0,0,0,0,0,0,0,0,0,0,0,0,0,0,448
1.45,0.04,0.005,0,0,0,0,0,0,0,0,0,0,0,0,0,0,373
1.8,0.04,0.005,0,0,0,0,0,0,0,0,0,0,0,0,0,0,346
0.33,0.57,0.23,0.85,3.26,0.09,0,0,0,0,0,0,0,0,0,0,0,550.2
0.33,0.57,0.23,0.85,3.26,0.09,0,0,0,0,0,0,0,0,0,0,0,562.3
0.33,0.57,0.23,0.85,3.26,0.09,0,0,0,0,0,0,0,0,0,0,0,564.6
0.33,0.57,0.23,0.85,3.26,0.09,0,0,0,0,0,0,0,0,0,0,0,566.2
0.33,0.57,0.23,0.85,3.26,0.09,0,0,0,0,0,0,0,0,0,0,0,568.4
0.33,0.57,0.23,0.85,3.26,0.09,0,0,0,0,0,0,0,0,0,0,0,569.8
0.33,0.57,0.23,0.85,3.26,0.09,0,0,0,0,0,0,0,0,0,0,0,571.2
0.33,0.57,0.23,0.85,3.26,0.09,0,0,0,0,0,0,0,0,0,0,0,573.2
0.33,0.57,0.23,0.85,3.26,0.09,0,0,0,0,0,0,0,0,0,0,0,576.8
0.35,0.44,0.14,1.43,4.23,0.13,0,0,0,0,0,0,0,0,0,0,0,563.1
0.35,0.44,0.14,1.43,4.23,0.13,0,0,0,0,0,0,0,0,0,0,0,573.17
0.35,0.44,0.14,1.43,4.23,0.13,0,0,0,0,0,0,0,0,0,0,0,577.4
0.35,0.44,0.14,1.43,4.23,0.13,0,0,0,0,0,0,0,0,0,0,0,580.4
0.35,0.44,0.14,1.43,4.23,0.13,0,0,0,0,0,0,0,0,0,0,0,583.4
0.35,0.44,0.14,1.43,4.23,0.13,0,0,0,0,0,0,0,0,0,0,0,585.4
0.35,0.44,0.14,1.43,4.23,0.13,0,0,0,0,0,0,0,0,0,0,0,587.4
0.35,0.44,0.14,1.43,4.23,0.13,0,0,0,0,0,0,0,0,0,0,0,592.1
0.31,0.49,0.13,1.33,4.13,0.12,0,0,0,0,0,0,0,0,0,0,0,575.9
0.31,0.49,0.13,1.33,4.13,0.12,0,0,0,0,0,0,0,0,0,0,0,580.1
0.31,0.49,0.13,1.33,4.13,0.12,0,0,0,0,0,0,0,0,0,0,0,583.6
0.31,0.49,0.13,1.33,4.13,0.12,0,0,0,0,0,0,0,0,0,0,0,587
0.31,0.49,0.13,1.33,4.13,0.12,0,0,0,0,0,0,0,0,0,0,0,589.9
0.31,0.49,0.13,1.33,4.13,0.12,0,0,0,0,0,0,0,0,0,0,0,592.4
0.31,0.49,0.13,1.33,4.13,0.12,0,0,0,0,0,0,0,0,0,0,0,593.5
0.31,0.49,0.13,1.33,4.13,0.12,0,0,0,0,0,0,0,0,0,0,0,595.1
0.33,0.57,0.23,0.85,3.26,0.09,0,0,0,0,0,0,0,0,0,0,0,534.5
0.33,0.57,0.23,0.85,3.26,0.09,0,0,0,0,0,0,0,0,0,0,0,537.9
0.33,0.57,0.23,0.85,3.26,0.09,0,0,0,0,0,0,0,0,0,0,0,541.45
0.33,0.57,0.23,0.85,3.26,0.09,0,0,0,0,0,0,0,0,0,0,0,544.3
0.33,0.57,0.23,0.85,3.26,0.09,0,0,0,0,0,0,0,0,0,0,0,549.3
0.24,0,0,3,11,1,0,13.5,0,0,0,0,0,0,0,0,0,468
0.16,0,0,2.1,10.15,1.05,0,14.25,0,0,0,0,0,0,0,0,0,573
0.23,0,0,0.06,10.24,3.96,0,14.17,0,0,0,0,0,0,0,0,0,546
0.24,0,0,0.02,4.96,4.03,0,15.99,0,0,0,0,0,0,0,0,0,647
0.24,0,0,0.71,4.97,2.82,0,16.08,0,0,0,0,0,0,0,0,0,669
0.24,0,0,1.4,4.98,1.52,0,16.06,0,0,0,0,0,0,0,0,0,671
0.24,0,0,0.02,4.97,4.03,0,16.02,0,0,0,0.029,0,0,0,0,0,651
0.25,0,0,0.02,4.97,4.03,0.06,16.01,0,0,0,0.013,0,0,0,0,0,641
0,0,0,0,18.93518625,0,0,0,0.437633173,0,0,0,0,0,0,0,0,587.15
0,0,0,0,20.97933119,0,0,0,0.781186076,0,0,0,0,0,0,0,0,547.15
0,0,0,0,20.0418843,0,0,0,1.260770776,0,0,0,0,0,0,0,0,597.15
0,0,0,0,20.35746055,0,0,0,1.759573493,0,0,0,0,0,0,0,0,606.15
0,0,0,0,19.45485638,0,0,1.075959635,0,0,0,0,0,0,0,0,0,582.15
0,0,0,0,19.65065154,0,0,2.077497732,0,0,0,0,0,0,0,0,0,585.15
0,0,0,0,20.05528,0,0,2.764964924,0,0,0,0,0,0,0,0,0,593.15
0,0,0,0,20.14730326,0,0,3.795674034,0,0,0,0,0,0,0,0,0,607.15
0,0,0,0.534149107,18.75326687,0,0,0,0,0,0,0,0,0,0,0,0,554.15
0,0,0,1.404433871,18.76877964,0,0,0,0,0,0,0,0,0,0,0,0,538.15
0,0,0,1.831036007,18.77638379,0,0,0,0,0,0,0,0,0,0,0,0,504.15
0,0,0,3.021902521,18.79761091,0,0,0,0,0,0,0,0,0,0,0,0,481.15
0,0,0,0,19.0397371,0,0,0,0,0,0.58582061,0,0,0,0,0,0,565.15
0,0,0,0,19.22462999,0,0,0,0,0,1.49654351,0,0,0,0,0,0,557.15
0,0,0,0,19.0168938,0,0,0,0,0,1.575317046,0,0,0,0,0,0,556.15
0,0,0,0,20.73241339,0,0,0,0,0,2.895949708,0,0,0,0,0,0,512.15
0,0.380189728,0,0,18.74492604,0,0,0,0,0,0,0,0,0,0,0,0,543.15
0,0.779888695,0,0,18.84936253,0,0,0,0,0,0,0,0,0,0,0,0,532.15
0,1.716194129,0,0,18.64585187,0,0,0,0,0,0,0,0,0,0,0,0,485.15
0,3.131784675,0,0,18.03052697,0,0,0,0,0,0,0,0,0,0,0,0,452.15
0,0,0,0,18.93208119,1.522037605,0,0,0,0,0,0,0,0,0,0,0,536.15
0,0,0,0,19.79549462,2.224716444,0,0,0,0,0,0,0,0,0,0,0,513.15
0,0,0,0,18.74661273,3.851546618,0,0,0,0,0,0,0,0,0,0,0,494.15
0,0,0,0,18.86645181,4.884518145,0,0,0,0,0,0,0,0,0,0,0,476.15
0,0,0,0,18.91155457,0,0,0,0,0,0,0.509936251,0,0,0,0,0,564.15
0,0,0,0,18.77286769,0,0,0,0,0,0,0.985148375,0,0,0,0,0,564.15
0,0,0,0,18.7360554,0,0,0,0,0,0,1.474824851,0,0,0,0,0,549.15
0,0,0,0,18.70182729,0,0,0,0,0,0,1.930126729,0,0,0,0,0,539.15
0,0,0.44019382,0,19.86115731,0,0,0,0,0,0,0,0,0,0,0,0,558.15
0,0,0.960458583,0,19.65063381,0,0,0,0,0,0,0,0,0,0,0,0,540.15
0,0,1.470401957,0,20.06256077,0,0,0,0,0,0,0,0,0,0,0,0,545.15
0,0,1.97048666,0,19.73987503,0,0,0,0,0,0,0,0,0,0,0,0,531.15
0,0,0,0,19.38600696,0,0,0,0,0,0,0,0.722592856,0,0,0,0,556.15
0,0,0,0,19.51192272,0,0,0,0,0,0,0,1.421262345,0,0,0,0,542.15
0,0,0,0,18.92409079,0,0,0,0,0,0,0,2.455999385,0,0,0,0,547.15
0,0,0,0,18.82263075,0,0,0,0,0,0,0,2.52463644,0,0,0,0,544.15
0,0,0,0,19.26777572,0,0.442945981,0,0,0,0,0,0,0,0,0,0,579.15
0,0,0,0,19.37787182,0,0.813823966,0,0,0,0,0,0,0,0,0,0,559.15
0,0,0,0,19.60236985,0,1.773787673,0,0,0,0,0,0,0,0,0,0,540.15
0,0,0,0,19.82585337,0,2.662689039,0,0,0,0,0,0,0,0,0,0,544.15
0,0,0,0,19.25165859,0,0,0,0,1.580150768,0,0,0,0,0,0,0,539.15
0,0,0,0,18.86131617,0,0,0,0,2.970018244,0,0,0,0,0,0,0,518.15
0,0,0,0,18.36220974,0,0,0,0,4.456034763,0,0,0,0,0,0,0,503.15
0,0,0,0,19.7,0,0,0,0,1.99,0,0,0,0,0,0,0,452.15
0,0,0,0,30.75827575,0,0,0,0.348715275,0,0,0,0,0,0,0,0,246.15
0,0,0,0,29.71149283,0,0,0,0.928199388,0,0,0,0,0,0,0,0,279.15
0,0,0,0,31.10067388,0,0,0,1.078299004,0,0,0,0,0,0,0,0,211.15
0,0,0,0,30.50734127,0,0,0,1.479808865,0,0,0,0,0,0,0,0,220.15
0,0,0,0,31.13634093,0,0,1.069819808,0,0,0,0,0,0,0,0,0,232.15
0,0,0,0,30.71504619,0,0,1.921050508,0,0,0,0,0,0,0,0,0,250.15
0,0,0,0,30.99978288,0,0,3.206034624,0,0,0,0,0,0,0,0,0,275.15
0,0,0,0,30.48049237,0,0,3.848984864,0,0,0,0,0,0,0,0,0,293.15
0,0,0,0.53096366,30.96548657,0,0,0,0,0,0,0,0,0,0,0,0,218.15
0,0,0,0.747514488,29.84887334,0,0,0,0,0,0,0,0,0,0,0,0,207.15
0,0,0,1.432055889,31.09410288,0,0,0,0,0,0,0,0,0,0,0,0,156.15
0,0,0,0,31.02358811,0,0,0,0,0,0.750234479,0,0,0,0,0,0,226.15
0,0,0,0,31.5169409,0,0,0,0,0,1.163667761,0,0,0,0,0,0,216.15
0,0,0,0,30.76641346,0,0,0,0,0,2.179950664,0,0,0,0,0,0,221.15
0,0,0,0,30.8359545,0,0,0,0,0,3.037431952,0,0,0,0,0,0,184.15
0,0.387750363,0,0,30.23782352,0,0,0,0,0,0,0,0,0,0,0,0,207.15
0,0.552365593,0,0,30.95269051,0,0,0,0,0,0,0,0,0,0,0,0,206.15
0,0.939862589,0,0,31.3625027,0,0,0,0,0,0,0,0,0,0,0,0,158.15
0,0,0,0,30.77361139,1.362786744,0,0,0,0,0,0,0,0,0,0,0,199.15
0,0,0,0,31.0112444,2.643438779,0,0,0,0,0,0,0,0,0,0,0,153.15
0,0,0,0,30.9910482,0,0,0,0,0,0,0.490607989,0,0,0,0,0,228.15
0,0,0,0,31.03005246,0,0,0,0,0,0,0.995506729,0,0,0,0,0,205.15
0,0,0,0,31.18034837,0,0,0,0,0,0,1.417280911,0,0,0,0,0,201.15
0,0,0,0,30.80617163,0,0,0,0,0,0,1.983237187,0,0,0,0,0,191.15
0,0,0.427853034,0,30.77354704,0,0,0,0,0,0,0,0,0,0,0,0,240.15
0,0,0.909889896,0,30.61080538,0,0,0,0,0,0,0,0,0,0,0,0,198.15
0,0,1.488281703,0,30.68074947,0,0,0,0,0,0,0,0,0,0,0,0,222.15
0,0,1.928244447,0,31.539848,0,0,0,0,0,0,0,0,0,0,0,0,171.15
0,0,0,0,31.08637698,0,0,0,0,0,0,0,0.667690603,0,0,0,0,209.15
0,0,0,0,30.88919545,0,0,0,0,0,0,0,0.803180685,0,0,0,0,237.15
0,0,0,0,31.23067385,0,0,0,0,0,0,0,1.480990341,0,0,0,0,189.15
0,0,0,0,31.06879659,0,0,0,0,0,0,0,2.305268232,0,0,0,0,167.15
0,0,0,0,30.96407033,0,0.476384429,0,0,0,0,0,0,0,0,0,0,219.15
0,0,0,0,30.56496537,0,0.782376822,0,0,0,0,0,0,0,0,0,0,214.15
0,0,0,0,30.80113507,0,1.863268528,0,0,0,0,0,0,0,0,0,0,169.15
0,0,0,0,30.92126546,0,2.467666067,0,0,0,0,0,0,0,0,0,0,158.15
0,0,0,0,30.81985175,0,0,0,0,1.539505302,0,0,0,0,0,0,0,211.15
0,0,0,0,30.74696415,0,0,0,0,2.797165654,0,0,0,0,0,0,0,156.15
0.004,0.03,0.075,0,22.08697359,0,0,1.835672916,0,0,0,0,0,0,0.002,0,0,480.3722222
0.004,0.03,0.075,0,21.65543792,0,0,3.75360924,0,0,0,0,0,0,0.002,0,0,510.9277778
0.004,0.03,0.075,0,21.28666036,0,0,5.392620624,0,0,0,0,0,0,0.002,0,0,527.5944444
0.004,0.03,0.075,0,21.12676056,0,0,6.103286385,0,0,0,0,0,0,0.002,0,0,544.2611111
0.004,0.03,0.075,0,22.5,0,0,0,0,0,0,0,0,0,0.002,0,0,435.9277778
0.004,0.03,0.075,0,22.4865081,0,0,0,0,0,0,0,0.059964022,0,0.002,0,0,444.2611111
0.004,0.03,0.075,0,22.40143369,0,0,0,0,0,0,0,0.438072481,0,0.002,0,0,463.7055556
0.004,0.03,0.075,0,22.32807383,0,0,0,0,0,0,0,0.764116304,0,0.002,0,0,455.3722222
0.004,0.03,0.075,0,22.13695396,0,0,0,0,0,0,0,1.613537977,0,0.002,0,0,422.0388889
0.004,0.03,0.075,0,22.49347689,0,0.028991592,0,0,0,0,0,0,0,0.002,0,0,444.2611111
0.004,0.03,0.075,0,22.48560921,0,0.063959066,0,0,0,0,0,0,0,0.002,0,0,466.4833333
0.004,0.03,0.075,0,22.47303236,0,0.119856173,0,0,0,0,0,0,0,0.002,0,0,466.4833333
0.004,0.03,0.075,0,22.40812668,0,0.408325864,0,0,0,0,0,0,0,0.002,0,0,458.15
0.004,0.03,0.075,0,22.3015165,0,0.882148875,0,0,0,0,0,0,0,0.002,0,0,441.4833333
0.004,0.03,0.517309988,0,22.38360525,0,0.89,0,0,0,0,0,0,0,0.002,0,0,458.15
0.004,0.03,0.980295079,0,22.27943361,0,0.89,0,0,0,0,0,0,0,0.002,0,0,458.15
0.004,0.03,1.390395425,0,22.18716103,0,0.89,0,0,0,0,0,0,0,0.002,0,0,433.15
0.004,0.03,1.903080243,0,22.07180695,0,0.89,0,0,0,0,0,0,0,0.002,0,0,427.5944444
0.004,0.03,2.846594773,0,21.85951618,0,0.89,0,0,0,0,0,0,0,0.002,0,0,383.15
0.004,0.03,3.707270101,0,21.66586423,0,0.89,0,0,0,0,0,0,0,0.002,0,0,347.0388889
0.004,0.03,0.075,0,22.44612929,0,0,0,0.239425379,0,0,0,0,0,0.002,0,0,447.0388889
0.004,0.03,0.075,0,22.40812668,0,0,0,0.408325864,0,0,0,0,0,0.002,0,0,444.2611111
0.004,0.03,0.075,0,22.3302898,0,0,0,0.754267566,0,0,0,0,0,0.002,0,0,447.0388889
0.004,0.03,0.075,0,22.26620485,0,0,0,1.03908956,0,0,0,0,0,0.002,0,0,447.0388889
0.004,0.03,0.075,0,22.12389381,0,0,0,1.671583088,0,0,0,0,0,0.002,0,0,444.2611111
0.004,0.03,0.075,0,21.82347236,0,0,0,3.006789525,0,0,0,0,0,0.002,0,0,444.2611111
0.004,0.03,0.075,0,22.36580517,0.596421471,0,0,0,0,0,0,0,0,0.002,0,0,435.9277778
0.004,0.03,0.075,0,22.27061269,1.019499159,0,0,0,0,0,0,0,0,0.002,0,0,427.5944444
0.004,0.03,0.075,0,22.07180695,1.903080243,0,0,0,0,0,0,0,0,0.002,0,0,410.9277778
0.004,0.03,0.075,0,21.78121975,3.194578896,0,0,0,0,0,0,0,0,0.002,0,0,374.8166667
0.004,0.03,0.075,0,21.51051625,4.397705545,0,0,0,0,0,0,0,0,0.002,0,0,360.9277778
0.004,0.03,0.075,2.200488998,22.00488998,0,0,0,0,0,0,0,0,0,0.002,0,0,363.7055556
0.004,0.03,0.075,3.836907395,21.63669584,0,0,0,0,0,0,0,0,0,0.002,0,0,263.7055556
0.004,0.03,0.075,0,19.8,0,0,0,0,0,0,0,0,0,0.002,0,0,508.15
0.004,0.03,0.075,0,21.4,0,0,0,0,0,0,0,0,0,0.002,0,0,474.8166667
0.004,0.03,0.075,0,22.7,0,0,0,0,0,0,0,0,0,0.002,0,0,438.7055556
0.004,0.03,0.075,0,23.9,0,0,0,0,0,0,0,0,0,0.002,0,0,413.7055556
0.004,0.03,0.075,0,24.8,0,0,0,0,0,0,0,0,0,0.002,0,0,402.5944444
0.004,0.03,0.075,0,27.2,0,0,0,0,0,0,0,0,0,0.002,0,0,347.0388889
0.004,0.03,0.075,0,28,0,0,0,0,0,0,0,0,0,0.002,0,0,308.15
0.004,0.03,0.075,0,28.8,0,0,0,0,0,0,0,0,0,0.002,0,0,285.9277778
0.004,0.03,0.075,0,29.55,0,0,0,0,0,0,0,0,0,0.002,0,0,249.8166667
0.017,0.12,0,8.1,0,0,0,0,0,0,0,0,0,0,0.017,0,0,822.15
0.017,0.12,0,8.1,0,0,0,0,0,0,0,0,0,0,0.206,0,0,738.15
0.017,0.12,0,8.1,0,0,0,0,0,0,0,0,0,0,0.206,0,0,731.15
0.017,0.12,0,8.1,0,0,0,0,0,0,0,0,0,0,0.293,0,0,598.15
0.017,0.12,0,8.1,0,0,0,0,0,0,0,0,0,0,0.293,0,0,620.15
0.014,4.95,0,7.8,0,0,0,0,0,0,0,0,0,0,0.011,0,0,644.15
0.014,4.95,0,7.8,0,0,0,0,0,0,0,0,0,0,0.258,0,0,535.15
0.014,4.95,0,7.8,0,0,0,0,0,0,0,0,0,0,0.258,0,0,545.15
0.014,4.95,0,7.8,0,0,0,0,0,0,0,0,0,0,0.387,0,0,524.15
0.014,4.95,0,7.8,0,0,0,0,0,0,0,0,0,0,0.387,0,0,489.15
0.022,10.24,0,8.19,0,0,0,0,0,0,0,0,0,0,0.014,0,0,417.15
0.022,10.24,0,8.19,0,0,0,0,0,0,0,0,0,0,0.206,0,0,323.15
0.022,10.24,0,8.19,0,0,0,0,0,0,0,0,0,0,0.206,0,0,331.15
0.008,0.094,0,12.5,0,0,0,0,0,0,0,0,0,0,0.257,0,0,640.15
0.008,0.094,0,12.5,0,0,0,0,0,0,0,0,0,0,0.257,0,0,674.15
0.008,0.094,0,12.5,0,0,0,0,0,0,0,0,0,0,0.416,0,0,645.15
0.008,0.094,0,12.5,0,0,0,0,0,0,0,0,0,0,0.416,0,0,558.15
0.008,0.094,0,12.5,0,0,0,0,0,0,0,0,0,0,0.596,0,0,618.15
0.008,0.094,0,12.5,0,0,0,0,0,0,0,0,0,0,0.596,0,0,584.15
0.012,5.03,0,11.7,0,0,0,0,0,0,0,0,0,0,0.29,0,0,433.15
0.012,5.03,0,11.7,0,0,0,0,0,0,0,0,0,0,0.29,0,0,460.15
0.012,5.03,0,11.7,0,0,0,0,0,0,0,0,0,0,0.466,0,0,446.15
0.012,5.03,0,11.7,0,0,0,0,0,0,0,0,0,0,0.466,0,0,396.15
0.012,5.03,0,11.7,0,0,0,0,0,0,0,0,0,0,0.614,0,0,465.15
0.012,5.03,0,11.7,0,0,0,0,0,0,0,0,0,0,0.614,0,0,257.15
0.014,10.13,0,12.23,0,0,0,0,0,0,0,0,0,0,0.018,0,0,382.15
0.014,10.13,0,12.23,0,0,0,0,0,0,0,0,0,0,0.018,0,0,384.15
0.34,1.06,0.2,0.08,0.75,0.02,0,0,0,0,0,0,0,0,0,0,0,618.5
0.33,0.62,0.21,0.1,0.89,0.05,0,0,0,0,0,0,0,0,0,0,0,643.5
0.19,1.37,0.14,0.2,0.56,0.31,0,0,0,0,0,0,0,0,0,0,0,693.5
0.29,1.67,0.26,0.12,0.21,0.04,0,0,0,0,0,0,0,0,0,0,0,653.5
0.33,1.54,0.23,0.15,0.18,0.05,0,0,0,0,0,0,0,0,0,0,0,613.5
0.33,1.48,0.18,0.16,0.26,0.27,0,0,0,0,0,0,0,0,0,0,0,613.5
0.38,1.49,0.25,0,0,0.41,0,0,0,0,0,0,0,0,0,0,0,593.5
0.39,0.89,0.16,0.88,0.25,0,0,0,0,0,0,0,0,0,0,0,0,593.5
0.48,0.86,0.25,0.98,0.18,0.04,0,0,0,0,0,0,0,0,0,0,0,573.5
0.41,0.67,0.23,1.01,0.2,0.23,0,0,0,0,0,0,0,0,0,0,0,603.5
0.33,0.74,0.23,0.07,3.47,0,0,0,0,0,0,0,0,0,0,0,0,583.5
0.4,0.62,0.26,0.28,3.45,0.1,0,0,0,0,0,0,0,0,0,0,0,553.5
0.33,0.57,0.23,0.85,3.26,0.09,0,0,0,0,0,0,0,0,0,0,0,573.5
0.32,0.61,0.28,1.52,3.22,0.22,0.03,0,0,0,0,0,0,0,0,0,0,593.5
0.36,0.52,0.22,1.58,1.52,0.27,0,0,0,0,0,0,0,0,0,0,0,598.5
0.38,0.69,0.2,0.95,1.58,0.26,0,0,0,0,0,0,0,0,0,0,0,593.5
0.32,0.56,0.27,0.74,2.37,0.51,0,0,0,0,0,0,0,0,0,0,0,608.5
0.31,0.62,0.2,0.64,2.63,0.58,0,0,0,0,0,0,0,0,0,0,0,603.5
0.38,0.56,0.15,0.74,2.42,0.46,0,0,0,0,0,0,0,0,0,0,0,578.5
0.42,0.67,0.31,0.72,2.53,0.48,0,0,0,0,0,0,0,0,0,0,0,563.5
0.32,0.51,0.19,1.37,3.02,0.48,0.18,0,0,0,0,0,0,0,0,0,0,588.5
0.25,0.52,0.15,1.14,3.33,0.65,0.16,0,0,0,0,0,0,0,0,0,0,603.5
0.35,0.44,0.14,1.43,4.23,0.13,0,0,0,0,0,0,0,0,0,0,0,563.5
0.33,0.51,0.17,1.44,4.16,0.31,0,0,0,0,0,0,0,0,0,0,0,568.5
0.26,0.55,0.21,3.34,0.25,0.54,0,0,0,0,0,0,0,0,0,0,0,633.5
0.55,0.87,1.74,0,0,0,0,0,0,0,0,0,0,0,0,0,0,563.5
0.51,0.72,0.27,0.94,0.15,0.05,0.2,0,0,0,0,0,0,0,0,0,0,563.5
0.4,1.38,0.24,0.53,0.74,0.16,0,0,0,0,0,0,0,0,0,0,0,573.5
0.4,1.34,0.21,0.53,1.03,0.22,0,0,0,0,0,0,0,0,0,0,0,573.5
0.44,0.58,0.23,1.26,1.4,0.11,0,0,0,0,0,0,0,0,0,0,0,573.5
0.39,0.62,0.23,1.11,1.44,0.18,0,0,0,0,0,0,0,0,0,0,0,593.5
0.35,0.65,0.13,0.55,1.27,0,0,0,0,0,0,0,0,0,0,0,0,618.5
0.37,0.89,0.28,0.63,1.24,0.05,0,0,0,0,0,0,0,0,0,0,0,588.5
0.41,0.48,0.13,0.17,1.75,0.22,0,0,0,0,0,0,0,0,0,0,0,593.5
0.15,0.41,0.25,0.9,3.02,0.15,0,0,0,0,0,0,0,0,0,0,0,688.5
0.14,0.45,0.28,1.11,4.11,0.24,0,0,0,0,0,0,0,0,0,0,0,663.5
0.2,0.53,0.11,0.5,1.75,0.25,0,0,0,0,0,0,0,0,0,0,0,663.5
0.2,0.71,0.15,0.8,1.13,0.05,0,0,0,0,0,0,0,0,0,0,0,688.5
0.18,0.93,0.26,1.11,1.34,0.11,0,0,0,0,0,0,0,0,0,0,0,673.5
0.19,0.9,0.21,1.08,1.87,0.18,0,0,0,0,0,0,0,0,0,0,0,683.5
0.49,0.52,0.17,1.28,1.5,0.29,0,0,0,0,0,0,0,0,0,0,0,533.5
0.38,0.56,0.12,1.21,3,0.29,0,0,0,0,0,0,0,0,0,0,0,553.5
0.38,0.57,0.12,1.22,4.95,0.29,0,0,0,0,0,0,0,0,0,0,0,533.5
0.37,0.52,0.12,2.9,1.51,0.29,0,0,0,0,0,0,0,0,0,0,0,553.5
0.36,0.56,0.16,1.22,1.46,0.31,0,0,0,0,0,0,0,0,0,0,0,573.5
0.39,0.2,0.26,1.22,1.66,0.26,0,0,0,0,0,0,0,0,0,0,0,583.5
0.4,0.84,0.27,1.23,1.75,0.27,0,0,0,0,0,0,0,0,0,0,0,543.5
0.007,0,0,0,9.25,0,0,0,0,0,0,0,0,0,0.0014,0,0,663.7
0.013,0,0,0,8.66,0,0,0,0,0,0,0,0,0,0.0013,0,0,663.7
0.89,0.29,0.15,0,0,0,0,0,0,0,0,0,0,0,0,0,0,488.7055556
0.63,0.87,0.22,0,0,0,0,0,0,0,0,0,0,0,0,0,0,547.0388889
0.35,1.85,0.19,0,0,0,0,0,0,0,0,0,0,0,0,0,0,610.9277778
0.37,0.68,0.21,0,3.41,0,0,0,0,0,0,0,0,0,0,0,0,577.5944444
0.38,0.72,0.21,0.49,1.32,0,0,0,0,0,0,0,0,0,0,0,0,605.3722222
0.29,0.77,0.3,0.68,0,0.2,0,0,0,0,0,0,0,0,0,0,0,649.8166667
0.37,0.77,0.15,0.98,0,0.21,0,0,0,0,0,0,0,0,0,0,0,610.9277778
0.42,0.78,0.24,0.8,1.79,0.33,0,0,0,0,0,0,0,0,0,0,0,560.9277778
0.36,0.63,0.19,0,1.84,0.23,0,0,0,0,0,0,0,0,0,0,0,610.9277778
0.42,0.68,0.16,0.93,0,0,0,0,0,0,0,0,0,0,0,0,0,605.3722222
1.02,0.36,0.33,1.41,0.2,0,0,0,0,0,0,0,0,0,0,0,0,416.4833333
0.43,0.74,0.23,0.92,0,0,0.16,0,0,0,0,0,0,0,0,0,0,599.8166667
0.3,0.91,0.31,0.52,0.61,0.17,0,0,0,0,0,0,0,0,0,0,0,638.7055556
0.38,1.08,0.7,0.4,0.34,0.11,0,0,0,0,0,0,0,0,0,0,0,599.8166667
0.043,0,0,0,10.68,0,0,0,0,0,0,0,0,0,0,0,0,636
0.056,0,0,0,10.68,0,0,0,0,0,0,0,0,0,0,0,0,628.3
0.086,0,0,0,10.68,0,0,0,0,0,0,0,0,0,0,0,0,613.5
0.16,0,0,0,10.68,0,0,0,0,0,0,0,0,0,0,0,0,580.4
0.02,0,0,0,15.13,0,0,0,0,0,0,0,0,0,0,0,0,573.8
0.0355,0,0,0,15.13,0,0,0,0,0,0,0,0,0,0,0,0,566.8
0.048,0,0,0,15.13,0,0,0,0,0,0,0,0,0,0,0,0,557.7
0.135,0,0,0,15.13,0,0,0,0,0,0,0,0,0,0,0,0,524.4
0.0168,0,0,0,19.99,0,0,0,0,0,0,0,0,0,0,0,0,483.9
0.027,0,0,0,19.99,0,0,0,0,0,0,0,0,0,0,0,0,478.3
0.0399,0,0,0,19.99,0,0,0,0,0,0,0,0,0,0,0,0,472
0.115,0,0,0,19.99,0,0,0,0,0,0,0,0,0,0,0,0,438.8
0.47,1.02,0.34,0,0,0,0,0,0,0,0,0,0,0,0,0,0,583.15
0.47,3.33,0.26,0,0,0,0,0,0,0,0,0,0,0,0,0,0,502.5944444
0.44,4.87,0.29,0,0,0,0,0,0,0,0,0,0,0,0,0,0,460.9277778
0.47,0.4,1.06,0,0,0,0,0,0,0,0,0,0,0,0,0,0,594.2611111
0.45,0.36,0.31,0,1.16,0,0,0,0,0,0,0,0,0,0,0,0,583.15
0.46,0.34,0.28,0,3.36,0,0,0,0,0,0,0,0,0,0,0,0,555.3722222
0.46,0.35,0.3,0,4.83,0,0,0,0,0,0,0,0,0,0,0,0,530.3722222
0.5,0.32,0.27,0.98,0,0,0,0,0,0,0,0,0,0,0,0,0,585.9277778
0.51,0.35,0.31,3.16,0,0,0,0,0,0,0,0,0,0,0,0,0,530.3722222
0.55,0.33,0.31,4.61,0,0,0,0,0,0,0,0,0,0,0,0,0,485.9277778
0.5,0.34,0.32,0,0,1.05,0,0,0,0,0,0,0,0,0,0,0,602.5944444
0.49,0.33,0.31,0,0,3.51,0,0,0,0,0,0,0,0,0,0,0,577.5944444
0.46,0.34,0.27,0,0,5.4,0,0,0,0,0,0,0,0,0,0,0,560.93
0.53,0.38,0.32,0,0,0,0,0,0,1.04,0,0,0,0,0,0,0,602.5944444
0.46,0.34,0.27,0,0,0,0,0,0,3.42,0,0,0,0,0,0,0,588.7055556
0.46,0.37,0.27,0,0,0,0,0,0,4.78,0,0,0,0,0,0,0,583.15
0.46,0.3,0.28,0.99,3.36,0,0,0,0,0,0,0,0,0,0,0,0,533.15
0.47,1.02,0.34,0,0,0,0,0,0,0,0,0,0,0,0,0,0,583.15
0.47,1.02,0.34,0,0,0,0,0,0,0,0,0,0,0,0,0,0,583.15
0.47,1.02,0.34,0,0,0,0,0,0,0,0,0,0,0,0,0,0,585.9277778
0.46,0.34,0.28,0,3.36,0,0,0,0,0,0,0,0,0,0,0,0,555.3722222
0.46,0.34,0.28,0,3.36,0,0,0,0,0,0,0,0,0,0,0,0,555.3722222
0.46,0.34,0.28,0,3.36,0,0,0,0,0,0,0,0,0,0,0,0,552.5944444
0.43,0.9,0.23,0.27,0.23,0.26,0,0,0,0,0,0,0,0,0,0,0,594.2611111
0.64,0.85,0.29,0.24,0.19,0.27,0,0,0,0,0,0,0,0,0,0,0,502.5944444
0.4,1.43,0.22,0.29,0.23,0.32,0,0,0,0,0,0,0,0,0,0,0,588.7055556
0.49,1.01,0.2,0.56,0.54,0.38,0,0,0,0,0,0,0,0,0,0,0,552.5944444
0.52,0.85,0.21,0.5,0.53,0.26,0,0,0,0,0,0,0,0,0,0,0,555.3722222
0.41,0.86,0.3,1.06,0.11,0.23,0,0,0,0,0,0,0,0,0,0,0,583.15
0.61,0.59,0.24,0.94,0.16,0.33,0,0,0,0,0,0,0,0,0,0,0,533.15
0.42,0.68,0.18,0.81,1.74,0.29,0,0,0,0,0,0,0,0,0,0,0,549.8166667
0.3,1.63,0.49,0.44,0,0.33,0,0,0,0,0,0,0,0,0,0,0,619.2611111
0.4,0.47,0.023,0.23,1.76,0.23,0,0,0,0,0,0,0,0,0,0,0,585.9277778
0.6,0.5,0.024,0.23,1.74,0.23,0,0,0,0,0,0,0,0,0,0,0,519.2611111
0.79,0.5,0.023,0.22,1.76,0.23,0,0,0,0,0,0,0,0,0,0,0,458.15
1.03,0.49,0.023,0.23,1.75,0.24,0,0,0,0,0,0,0,0,0,0,0,368.15
0.35,0.31,0.022,1.46,0.28,0,0,0,0,0,0,0,0,0,0,0,0,627.5944444
0.56,0.32,0.003,1.48,0.28,0,0,0,0,0,0,0,0,0,0,0,0,559.2611111
0.78,0.33,0.02,1.42,0.27,0,0,0,0,0,0,0,0,0,0,0,0,481.4833333
1,0.34,0.022,1.44,0.35,0,0,0,0,0,0,0,0,0,0,0,0,402.5944444
0.37,0,0,0,0,0,0,0,0,0,0,0,0,0,0,0,0,688
0.5,0,0,0,0,0,0,0,0,0,0,0,0,0,0,0,0,653
0.81,0,0,0,0,0,0,0,0,0,0,0,0,0,0,0,0,523
1.1,0,0,0,0,0,0,0,0,0,0,0,0,0,0,0,0,461
0.004,0,0,0,29.9,0,0,0,0,0,0,0,0,0,0,0,0,243.15
0.011,0,0,15.1,11.7,0,0,0,0,0,0,0,0,0,0,0,0,215.15
0.004,0,0,0,31.3,0,0,5.7,0,0,0,0,0,0,0,0,0,258.15
0.26,0,0,0,25.1,0,0,0,0,0,0,0,0,0,0,0,0,217.15
0.04,1.19,0.3,0.02,0.02,0.33,0.09,0,0.057,0,0,0,0,0,0,0.002,0.001,769
0.05,1.82,0.39,0,0,0,0.06,0,0.011,0,0,0,0,0,0.011,0.018,0.012,647
0.06,1.46,0.14,0.2,0.02,0.25,0.03,0,0.035,0,0.01,0,0,0,0,0.018,0.003,725
0.06,1.21,0.25,0,0,0.25,0.08,0,0.03,0,0,0,0,0,0.003,0.014,0.001,743
0.06,1.96,0.32,0,0,0.18,0.22,0,0.02,0,0,0,0,0,0.005,0.006,0.003,721
0.06,1.97,0.37,0,0,0,0.45,0,0.029,0,0,0,0,0,0.009,0.006,0.02,712
0.06,2,0.37,0,0,0,0,0,0.029,0,0,0,0,0,0.009,0.006,0.005,721
0.07,1.9,0.24,0,0,0.08,0.43,0,0.06,0,0,0,0,0,0.009,0.01,0.006,638
0.07,1.35,0.29,0,0,0,0.08,0,0.036,0,0,0,0,0,0.006,0.005,0.004,734
0.08,1.05,0,0.2,2,0.75,0.25,0,0,0,0,0,0,0,0,0,0,717
0.09,0.59,0.57,2,0,0.56,0.37,0,0,0,0,0,0,0,0,0.015,0.01,721
0.1,0.76,0.22,0.68,0.85,0.48,0.07,0,0,0,0.21,0,0,0,0,0.012,0.007,695
0.1,1.53,0.35,0,0,0.01,0.07,0,0.045,0,0,0,0,0,0.007,0.013,0.01,743
0.1,1.48,0.36,0,0,0,0.02,0,0.046,0,0,0,0,0,0,0.014,0.008,738
0.1,1.5,0.37,0,0,0,0.02,0,0.044,0,0,0,0,0,0,0.011,0.007,752
0.1,2,1.09,1.8,0,0.65,0.15,0,0,0,0,0,0,0,0,0.012,0.005,617
0.11,0.52,0.26,0.56,4.92,0.53,0.08,0,0.04,0,0.1,0,0,0,0,0.007,0.012,651
0.11,1.6,0.3,0,0,0,0.09,0,0.021,0,0,0,0,0,0,0.017,0.002,699
0.11,1.23,0.31,0,0,0,0.08,0,0,0,0,0,0,0,0.05,0.013,0.018,725
0.11,1.23,0.31,0,0,0,0.08,0,0,0,0,0,0,0,0.05,0.031,0.018,730
0.11,0.85,0.31,0.51,1.3,0.48,0.03,0,0.077,0,0.27,0,0,0,0,0.007,0.009,752
0.12,0.75,0.06,0.57,2.62,0.48,0.05,0,0.062,0,0.25,0,0,0,0,0.007,0.008,673
0.12,0.65,0.26,1.16,0.01,1.02,0.26,0,0.01,0,0.02,0,0,0,0,0.007,0.015,738
0.12,0.57,0.29,0.47,1.86,0.18,0.07,0,0,0,0,0,0,0,0,0,0,712
0.12,0.83,0.3,0.53,1.11,0.49,0.03,0,0.031,0,0.3,0,0,0,0,0.004,0.005,699
0.12,0.47,0.31,2.16,0.16,0.88,0.17,0,0.01,0,0.05,0,0,0,0,0.014,0.01,651
0.12,0.55,0.68,2.05,0,0.5,0.32,0,0,0,0,0,0,0,0,0.012,0.01,678
0.13,0.6,0.29,0.98,0.01,0.31,0.2,0,0.01,0,0.02,0,0,0,0,0.01,0.016,717
0.13,1.16,0.31,0.23,0.01,0.27,0.05,0,0.01,0,0.01,0,0,0,0,0.018,0.017,734
0.13,0.63,0.32,0.95,0.07,0.86,0.19,0,0,0,0,0,0,0,0,0.016,0.012,708
0.14,0.5,0.3,0.38,0.03,0.55,0.27,0,0.01,0,0.01,0,0,0,0,0.008,0.005,756
0.14,1.53,0.36,0.06,0.03,0.01,0.04,0,0.057,0,0.02,0,0,0,0,0.009,0.008,708
0.14,1.52,0.48,0,0,0,0.07,0,0,0,0,0,0,0,0,0.011,0.004,665
0.15,0.92,0,0.5,0.88,0.46,0.06,0,0,0,0.32,0,0,0,0,0,0,673
0.15,0.77,0.2,1.27,4.25,0.45,0.1,0,0,0,0,0,0,0,0,0.01,0.011,630
0.15,1.3,0.27,0.15,0.15,0.04,0.13,0,0.02,0,0.19,0,0,0,0.01,0.01,0.009,651
0.15,0.57,0.28,0.63,0.91,0.61,0.3,0,0.032,0,0,0,0,0,0,0.013,0.019,699
0.15,0.57,0.28,0.63,0.91,0.61,0.3,0,0.032,0,0,0,0,0,0,0.013,0.019,691
0.15,1.39,0.4,0,0,0.27,0.05,0,0.018,0,0,0,0,0,0.004,0.016,0.013,712
0.16,1.3,0.04,0,0,0,0.13,0,0.013,0,0,0,0,0,0,0,0,730
0.16,1.3,0.04,0,0,0,0,0,0.013,0,0,0,0,0,0,0,0,734
0.16,1.4,0.04,0,0,0,0.11,0,0.04,0,0,0,0,0,0.018,0.004,0.012,638
0.16,1.12,0.22,0.99,0.12,0.02,0.01,0,0.015,0,0,0,0,0,0,0.03,0.008,673
0.16,1.12,0.22,0.99,0.12,0.02,0.01,0,0.015,0,0,0,0,0,0,0.03,0.008,665
0.16,0.5,0.31,1.95,2.02,0.03,0.01,0,0.03,0,0,0,0,0,0,0.013,0.014,717
0.16,0.5,0.31,1.95,2.02,0.03,0.01,0,0.03,0,0,0,0,0,0,0.013,0.014,725
0.16,1.42,0.44,0,0,0,0.03,0,0.042,0,0,0,0,0,0,0.032,0.021,712
0.17,1.75,0.2,0,0,0,0,0,0.02,0,0,0,0,0,0.038,0,0,686
0.17,1.75,0.2,0,0,0,0.1,0,0.02,0,0,0,0,0,0.038,0,0,686
0.17,0.79,0.27,0.08,0.45,0.47,0.02,0,0,0,0.16,0,0,0,0,0.009,0.02,686
0.17,1.54,0.44,0.01,0.02,0.47,0.14,0,0.01,0,0.01,0,0,0,0.006,0.012,0.006,730
0.17,1.54,0.44,0.01,0.02,0.47,0.14,0,0.01,0,0.01,0,0,0,0.006,0.012,0.006,734
0.17,0.84,0.54,0.89,0.05,0.4,0.01,0,0.031,0,0.07,0,0,0,0.008,0.019,0.011,765
0.18,0.53,0.26,1,0,0.96,0.19,0,0,0,0,0,0,0,0,0.012,0.007,695
0.19,1.55,0.32,0,0.57,0,0.13,0,0.01,0,0,0,0,0,0.017,0.013,0.005,712
0.19,1.44,0.37,0.1,0.08,0.01,0.17,0,0.03,0,0.2,0,0,0,0.01,0.011,0.007,669
0.2,1.45,0.3,0.11,0.1,0.02,0.08,0,0.01,0,0.14,0,0,0,0.01,0.012,0.005,669
0.2,1.46,0.34,0.12,0.1,0.02,0.14,0,0.03,0,0.19,0,0,0,0.012,0.013,0.008,669
0.21,1.52,0.4,0,0.07,0,0.13,0,0.04,0,0,0,0,0,0.019,0.022,0.023,695
0.21,1.52,0.4,0,0.07,0,0.13,0,0.04,0,0,0,0,0,0.019,0.022,0.023,686
0.22,0.52,0,0,5.35,0.27,0.08,0,0,0,0,0,0,0,0,0,0,621
0.22,1.45,0.3,0.98,0.01,0.45,0.03,0,0.044,0,0.01,0,0,0,0,0.02,0.006,617
0.23,0.22,0.22,1.7,3.6,0.53,0.12,0,0,0,0,0,0,0,0,0.015,0.004,599
0.23,0.53,0.3,1.55,0.3,0.29,0.21,0,0,0,0.11,0,0,0,0,0.018,0,621
0.23,0.65,0.3,0.12,0.05,0.5,0.03,0,0.051,0,0.08,0,0,0,0,0.013,0.03,695
0.23,0.65,0.3,0.12,0.05,0.5,0.03,0,0.051,0,0.08,0,0,0,0,0.013,0.03,699
0.24,0.35,0.13,1.75,3.5,0.49,0.12,0,0,0,0,0,0,0,0,0.03,0.008,608
0.24,0.35,0.13,1.75,3.5,0.49,0.12,0,0,0,0,0,0,0,0,0.03,0.008,608
0.24,1.06,0.21,0.79,0.18,0.02,0.1,0,0,0,0.17,0,0,0,0,0.014,0.02,699
0.24,1.06,0.21,0.79,0.18,0.02,0.1,0,0,0,0.17,0,0,0,0,0.014,0.02,686
0.24,1.06,0.21,0.79,0.18,0.02,0.1,0,0,0,0.17,0,0,0,0,0.014,0.02,686
0.24,1.06,0.21,0.79,0.18,0.02,0.1,0,0,0,0.17,0,0,0,0,0.014,0.02,686
0.24,0.74,0.25,0.37,0.67,0.52,0.03,0,0,0,0,0,0,0,0,0.012,0.016,665
0.26,0.76,0.32,1.08,0.72,1.25,0.31,0,0,0,0,0,0,0,0,0.014,0.012,634
0.27,1.36,0.5,0.58,0.68,0.34,0.08,0,0,0,0,0,0,0,0,0.016,0.006,625
0.27,0.77,1.39,1.64,0.2,0.56,0.07,0,0,0,0,0,0,0,0,0,0,621
0.3,1.91,0.34,0,0,0.67,0.07,0,0,0,0,0,0,0,0,0.016,0.009,621
0.3,0.69,1.4,0.78,1.71,0.31,0.04,0,0,0,0,0,0,0,0,0,0,595
0.31,0.65,0.3,0.12,0.05,0.5,0.03,0,0.051,0,0.08,0,0,0,0,0.013,0.03,699
0.31,0.65,0.3,0.12,0.05,0.5,0.03,0,0.051,0,0.08,0,0,0,0,0.013,0.03,699
0.32,0.4,0.4,1.43,3.3,0.33,0.19,0,0,0,0,0,0,0,0,0,0,556
0.32,0.86,1.54,1.01,0.51,0.49,0.07,0,0.037,0,0,0,0,0,0.022,0.024,0.014,608
0.33,0.39,0.16,1.09,3.6,0.72,0.12,0,0.009,0,0.09,0,0,0,0,0.004,0.005,564
0.33,0.89,0.24,1.13,0.15,1.19,0.22,0,0,0,0,0,0,0,0,0.008,0.009,604
0.33,0.89,0.24,1.13,0.15,1.19,0.22,0,0,0,0,0,0,0,0,0.008,0.009,612
0.33,2.16,0.32,0,2.02,0.64,0.14,0,0,0,0,0,0,0,0,0,0,551
0.33,0.86,1.62,0.81,1.8,0.4,0.07,0,0.04,0,0,0,0,0,0.02,0.024,0.014,599
0.34,0.71,0,0,2.52,0.42,0.02,0,0,0,0,0,0,0,0,0,0,591
0.34,0.26,0.13,0.61,5.1,0.53,0.09,0,0,0,0,0,0,0,0,0.01,0.007,551
0.34,0.62,0.27,1.22,2.8,0.5,0.09,0,0,0,0,0,0,0,0,0.006,0.01,586
0.34,0.98,1.37,0.95,1.82,0.42,0.14,0,0,0,0,0,0,0,0,0,0,573
0.35,1.51,0.28,0,0,1.29,0.21,0,0,0,0.1,0,0,0,0,0.015,0.007,617
0.35,1.62,0.47,0.1,0.1,0.01,0.11,0,0.02,0,0.14,0,0,0,0,0.001,0.008,586
0.35,0.86,1.55,1.5,0.23,0.58,0.07,0,0.039,0,0,0,0,0,0.022,0.024,0.001,595
0.35,0.86,1.55,1.21,0.21,0.58,0.06,0,0.037,0,0,0,0,0,0.021,0.023,0.014,595
0.36,0.69,0.29,1.09,0.08,0.07,0.01,0,0,0,0.12,0,0,0,0,0.011,0.014,647
0.37,0.83,0.35,0.87,1.7,1.18,0.18,0,0,0,0,0,0,0,0,0.017,0.006,560
0.38,0.87,0.18,1.54,0.01,0.63,0.27,0,0,0,0,0,0,0,0,0.027,0.008,551
0.38,0.78,0.29,0.99,0.14,0.08,0.06,0,0.022,0,0.2,0,0,0,0.01,0.005,0.03,630
0.38,1.63,0.3,0.02,0.01,0.12,0.07,0,0.021,0,0.01,0,0,0,0,0.018,0.016,638
0.38,1.14,1.05,0.23,0,0,0.02,0,0,0,0,0,0,0,0,0.035,0.019,612
0.38,1.14,1.05,0.23,0,0,0.02,0,0,0,0,0,0,0,0,0.041,0.019,625
0.38,1.14,1.05,0.23,0,0,0.02,0,0,0,0,0,0,0,0,0.035,0.019,604
0.38,1.14,1.05,0.23,0,0,0.02,0,0,0,0,0,0,0,0,0.035,0.019,604
0.38,1.14,1.05,0.23,0,0,0.02,0,0,0,0,0,0,0,0,0.035,0.019,604
0.39,0.75,0.26,0.94,0.19,0.03,0,0,0,0,0.21,0,0,0,0.01,0.008,0.003,660
0.39,0.76,0.28,0.99,0.14,0.03,0.12,0,0,0,0.21,0,0,0,0.01,0.007,0.033,656
0.39,0.77,0.39,0.96,0.14,0.08,0.05,0,0,0,0.21,0,0,0,0.01,0.006,0.032,647
0.4,0.35,0.2,1.27,4.03,0.24,0.04,0,0,0,0.16,0,0,0,0,0.01,0.015,538
0.4,0.35,0.22,1.27,4.03,0.24,0.04,0,0,0,0.16,0,0,0,0,0.01,0.015,543
0.4,0.75,0.27,0.96,0.13,0.07,0.06,0,0,0,0.2,0,0,0,0.01,0.007,0.034,634
0.43,0.75,0.27,1.31,0.11,0.72,0.23,0,0,0,0,0,0,0,0,0.011,0.011,595
0.43,0.75,0.27,1.31,0.11,0.72,0.23,0,0,0,0,0,0,0,0,0.011,0.011,586
0.43,1.67,0.28,0.32,0.11,0.03,0.1,0,0,0,0.06,0,0,0,0,0.021,0.008,586
0.43,1.67,0.28,0.32,0.11,0.03,0.1,0,0,0,0.06,0,0,0,0,0.021,0.008,578
0.43,1.67,0.28,0.32,0.11,0.03,0.1,0,0,0,0.06,0,0,0,0,0.021,0.008,591
0.43,1.67,0.28,0.32,0.11,0.03,0.1,0,0,0,0.06,0,0,0,0,0.021,0.008,582
0.43,1.67,0.28,0.32,0.11,0.03,0.1,0,0,0,0.06,0,0,0,0,0.021,0.008,586
0.43,0.9,0.32,0.3,0,0,0.1,0,0.015,0,0,0,0,0,0.015,0,0,691
0.43,0.9,0.32,0.3,0,0,0.1,0,0.015,0,0,0,0,0,0.015,0,0,686
0.43,0.9,0.32,0.3,0,0,0.1,0,0.015,0,0,0,0,0,0.015,0,0,695
0.43,0.83,1.55,0.91,3.02,0.4,0.12,0,0,0,0,0,0,0,0,0,0,569
0.44,0.66,0.22,0.15,0,0,0.02,0,0,0,0,0,0,0,0,0.022,0.029,621
0.44,0.66,0.22,0.15,0,0,0.02,0,0,0,0,0,0,0,0,0.022,0.029,617
0.44,0.66,0.22,0.15,0,0,0.02,0,0,0,0,0,0,0,0,0.022,0.029,617
0.44,0.66,0.22,0.15,0,0,0.02,0,0,0,0,0,0,0,0,0.022,0.029,621
0.44,0.75,0.26,1.7,0.17,0.08,0.09,0,0,0,0.18,0,0,0,0,0.016,0.019,578
0.44,0.75,0.26,1.7,0.17,0.08,0.09,0,0,0,0.18,0,0,0,0,0.016,0.019,578
0.44,0.75,0.26,1.7,0.17,0.08,0.09,0,0,0,0.18,0,0,0,0,0.016,0.019,573
0.44,0.75,0.26,1.7,0.17,0.08,0.09,0,0,0,0.18,0,0,0,0,0.016,0.019,569
0.45,1.04,0.35,1.22,0.05,0.05,0.13,0,0,0,0.16,0,0,0,0,0.032,0.012,564
0.45,1.34,1.45,0,0,0,0.1,0,0,0,0,0,0,0,0,0.022,0.013,560
0.47,0.82,0.35,1.2,0.04,0,0.11,0,0,0,0.14,0,0,0,0,0.035,0.015,573
0.47,0.82,0.35,1.2,0.04,0,0.11,0,0,0,0.14,0,0,0,0,0.035,0.015,573
0.47,0.82,0.35,1.2,0.04,0,0.11,0,0,0,0.14,0,0,0,0,0.035,0.015,564
0.47,0.82,0.35,1.2,0.04,0,0.11,0,0,0,0.14,0,0,0,0,0.035,0.015,573
0.47,1.04,0.35,1.2,0.05,0.05,0.12,0,0,0,0.16,0,0,0,0,0.032,0.012,560
0.47,1.04,0.35,1.2,0.05,0.05,0.12,0,0,0,0.16,0,0,0,0,0.032,0.012,564
0.47,1.04,0.35,1.2,0.05,0.05,0.12,0,0,0,0.16,0,0,0,0,0.032,0.012,569
0.47,1.04,0.35,1.2,0.05,0.05,0.12,0,0,0,0.16,0,0,0,0,0.032,0.012,569
0.49,0.78,0.26,1.04,0.5,0.96,0.09,0,0,0,0,0,0,0,0,0.018,0.012,564
0.51,0.72,0.27,0.94,0,0,0.2,0,0,0,0,0,0,0,0,0.021,0.02,591
0.52,0.7,0.29,1.09,1.12,0.43,0.14,0,0,0,0,0,0,0,0,0.01,0.01,538
0.52,0.7,0.29,1.09,1.12,0.43,0.14,0,0,0,0,0,0,0,0,0.01,0.01,534
0.55,0.98,0.22,1.02,0.01,0,0.11,0,0,0,0.07,0,0,0,0,0.017,0.013,547
0.55,0.98,0.22,1.02,0.01,0,0.11,0,0,0,0.07,0,0,0,0,0.017,0.013,538
0.55,0.98,0.22,1.02,0.01,0,0.11,0,0,0,0.07,0,0,0,0,0.017,0.013,543
0.55,0.98,0.22,1.02,0.01,0,0.11,0,0,0,0.07,0,0,0,0,0.017,0.013,551
0.55,0.98,0.22,1.02,0.01,0,0.11,0,0,0,0.07,0,0,0,0,0.017,0.013,551
0.55,0.98,0.22,1.02,0.01,0,0.11,0,0,0,0.07,0,0,0,0,0.017,0.013,543
0.55,0.5,0.87,0.1,0.1,0.55,0.22,0,0,0,0,0,0,0,0,0.02,0.035,564
0.55,0.9,1,0.4,2.75,0.45,0.11,0,0,0,0,0,0,0,0,0,0,543
0.56,0.67,0.31,0.76,1.53,0.24,0.14,0,0.01,0,0.06,0,0,0,0,0.012,0.022,508
0.58,0.65,0.3,0.12,0.05,0.5,0.03,0,0.051,0,0.08,0,0,0,0,0.013,0.03,560
0.58,0.65,0.3,0.12,0.05,0.5,0.03,0,0.051,0,0.08,0,0,0,0,0.013,0.03,569
0.58,0.08,0.89,1.27,0.06,0.02,0.11,0,0,0,0.14,0,0,0,0,0.013,0.006,538
0.58,0.81,0.89,1.27,0.06,0.02,0.11,0,0,0,0.14,0,0,0,0,0.013,0.006,530
0.64,0.73,0.82,1.26,0.05,0,0.16,0,0.006,0,0.03,0,0,0,0.012,0.014,0.011,469
0.65,1.14,0.4,1.15,0,0,0.15,0,0,0,0,0,0,0,0.005,0.024,0.015,473
0.65,1.14,0.4,1.15,0,0,0.15,0,0,0,0,0,0,0,0.005,0.024,0.015,464
0.67,1.39,0.75,0.03,0.32,0,0.19,0,0.002,0,0.4,0,0,0,0.01,0.015,0.009,473
0.69,1.41,0.7,0.05,0.03,0,0.19,0,0.005,0,0.03,0,0,0,0.007,0.03,0.009,486
0.75,0.7,0,0.75,1.35,0.3,0.15,0,0,0,0,0,0,0,0,0,0,504
0.78,1.61,0.48,0,0,0,0.16,0,0.018,0,0.18,0,0,0,0.018,0.014,0.028,651
0.11,0.47,0.21,2.29,0.14,1.02,0,0,0,0,0.18,0,0,0,0,0.01,0.01,738
0.13,0.56,0.26,0.07,0.05,0,0,0,0,0,0.2,0,0,0,0,0.019,0.027,723
0.13,0.51,0.31,1.5,1.55,0.06,0,0,0.01,0,0.22,0,0,0,0,0.023,0.009,713
0.13,0.51,0.31,1.5,1.55,0.06,0,0,0.01,0,0.22,0,0,0,0,0.023,0.009,713
0.13,0.63,0.32,0.95,0.07,0.86,0.19,0,0,0,0,0,0,0,0,0.016,0.012,703
0.15,0.67,0.48,1.2,0.25,0,0.31,0,0,0,0.18,0,0,0,0,0.044,0.024,708
0.16,1.12,0.22,0.99,0.12,0.02,0.01,0,0.015,0,0.22,0,0,0,0,0.03,0.008,673
0.16,1.12,0.22,0.99,0.12,0.02,0.01,0,0.015,0,0.22,0,0,0,0,0.03,0.008,673
0.16,0.5,0.31,1.95,2.02,0.03,0.01,0,0.03,0,0.2,0,0,0,0,0.013,0.014,723
0.16,0.5,0.31,1.95,2.02,0.03,0.01,0,0.03,0,0.2,0,0,0,0,0.013,0.014,723
0.17,0.79,0.27,0.08,0.45,0.41,0.02,0,0,0,0.16,0,0,0,0,0.009,0.02,693
0.18,0.39,0.39,0.586,1.207,0.289,0.098,0,0.014,0.555,0.117,0.014,0.011,0.001,0.006,0.01,0.009,342
0.18,0.62,0.25,0.8,0.14,0.4,0,0,0,0,0.18,0,0,0,0,0.011,0.017,708
0.19,1.12,0.38,0.28,0.79,0.27,0,0,0,0,0.98,0,0,0,0,0.037,0.036,673
0.19,1.12,0.38,0.28,0.79,0.27,0,0,0,0,0.98,0,0,0,0,0.037,0.036,673
0.19,1.2,0.42,0.08,0.06,0,0,0,0.001,0,0.21,0,0,0,0,0.025,0.025,703
0.2,1.2,0.38,0.06,0.55,0,0,0,0,0,0.91,0,0,0,0,0.039,0.025,668
0.2,1.2,0.53,0.1,0,0,0,0,0.001,0,0.17,0,0,0,0,0.032,0.03,703
0.22,0.64,0.25,0.97,0.33,0.23,0,0,0,0,0.16,0,0,0,0,0.01,0.011,673
0.22,0.64,0.25,0.97,0.33,0.23,0,0,0,0,0.16,0,0,0,0,0.01,0.011,673
0.23,1.53,0.4,0.03,0,0,0,0,0,0,0,0,0,0,0,0.019,0.01,673
0.23,1.32,0.45,0.05,0,0,0,0,0.026,0,0,0,0,0,0,0.029,0.022,683
0.23,0.68,0.47,0.96,0,0.39,0,0,0,0,0,0,0,0,0,0.026,0.009,698
0.24,1.06,0.21,0.79,0.18,0.02,0.1,0,0,0,0.17,0,0,0,0,0.014,0.02,693
0.24,1.06,0.21,0.79,0.18,0.02,0.1,0,0,0,0.17,0,0,0,0,0.014,0.02,693
0.28,0.36,0.11,2.57,0.04,0.03,0.35,0,0,8.88,0,0,0,0,0,0.008,0.004,693
0.28,0.39,0.16,2.35,0.06,0.06,0.53,0,0,4.1,0,0,0,0,0,0.02,0.006,673
0.3,0.64,0.22,1.01,0.11,0.24,0,0,0,0,0.19,0,0,0,0,0.011,0.012,658
0.3,0.64,0.22,1.01,0.11,0.24,0,0,0,0,0.19,0,0,0,0,0.011,0.012,658
0.3,0.46,0.24,1.44,2.06,0.37,0,0,0,0,0.2,0,0,0,0,0.03,0.025,623
0.3,0.46,0.24,1.44,2.06,0.37,0,0,0,0,0.2,0,0,0,0,0.03,0.025,623
0.3,0.51,0.32,0.07,3.03,0,0,0,0.032,0,0,0,0,0,0,0.011,0.007,613
0.35,0.65,0.23,1.11,0.23,0.05,0,0,0,0,0.18,0,0,0,0,0.026,0.013,633
0.36,0.928,0.46,0.684,0.687,0.26,0.07,0,0.006,0.06,0.064,0.002,0.001,0,0.002,0.016,0.013,613
0.36,0.49,0.25,1.54,0.21,0.03,0,0,0,0,0.16,0,0,0,0,0.021,0.02,613
0.36,0.49,0.25,1.54,0.21,0.03,0,0,0,0,0.16,0,0,0,0,0.021,0.02,613
0.36,0.69,0.29,1.09,0.08,0.07,0.01,0,0,0,0.12,0,0,0,0,0.011,0.014,633
0.36,0.69,0.29,1.09,0.08,0.07,0.01,0,0,0,0.12,0,0,0,0,0.011,0.014,633
0.38,0.81,0.18,1.54,0.01,0.63,0.27,0,0,0,0,0,0,0,0,0.021,0.008,623
0.38,0.64,0.23,0.99,0.08,0.16,0,0,0,0,0.17,0,0,0,0,0.019,0.013,633
0.38,0.64,0.23,0.99,0.08,0.16,0,0,0,0,0.17,0,0,0,0,0.019,0.013,633
0.38,1.14,1.05,0.23,0,0,0.02,0,0,0,0,0,0,0,0,0.035,0.019,603
0.38,1.14,1.05,0.23,0,0,0.02,0,0,0,0,0,0,0,0,0.035,0.019,603
0.38,0.79,1.37,0.16,0.16,0,0.01,0,0,0,0.1,0,0,0,0,0.011,0.022,628
0.39,0.45,0.58,1.45,0.13,0.47,0.7,0,0,0.55,0,0,0,0,0,0.018,0.003,613
0.39,0.45,0.58,1.45,0.13,0.47,0.7,0,0,0.55,0,0,0,0,0,0.018,0.003,633
0.4,0.35,0.2,1.27,4.03,0.24,0.04,0,0,0,0.16,0,0,0,0,0.01,0.015,538
0.4,0.35,0.2,1.27,4.03,0.24,0.04,0,0,0,0.16,0,0,0,0,0.01,0.015,543
0.41,0.71,0.25,1.06,0.22,0.02,0,0,0,0,0.17,0,0,0,0,0.031,0.024,628
0.42,1.82,0.27,0,0,0,0,0,0,0,0,0,0,0,0,0.026,0.019,613
0.43,0.43,0.24,0.04,5,0,0,0,0.032,0,0,0,0,0,0,0.014,0.014,533
0.43,0.75,0.27,1.31,0.11,0.72,0.23,0,0,0,0,0,0,0,0,0.011,0.011,598
0.43,0.75,0.27,1.31,0.11,0.72,0.23,0,0,0,0,0,0,0,0,0.011,0.011,598
0.43,1.67,0.28,0.32,0.11,0.03,0.1,0,0,0,0.06,0,0,0,0,0.021,0.008,583
0.44,0.66,0.22,0.15,0,0,0.02,0,0,0,0,0,0,0,0,0.022,0.029,623
0.44,0.66,0.22,0.15,0,0,0.02,0,0,0,0,0,0,0,0,0.022,0.029,623
0.44,0.8,0.22,1.04,0.26,0.04,0,0,0,0,0.17,0,0,0,0,0.03,0.023,628
0.44,0.8,0.22,1.04,0.26,0.04,0,0,0,0,0.17,0,0,0,0,0.03,0.023,628
0.44,0.75,0.26,1.7,0.17,0.08,0.09,0,0,0,0.18,0,0,0,0,0.016,0.019,573
0.44,0.75,0.26,1.7,0.17,0.08,0.09,0,0,0,0.18,0,0,0,0,0.016,0.019,573
0.46,0.5,0.22,1,0.22,0.21,0,0,0,0,0.26,0,0,0,0,0.015,0.014,563
0.46,0.5,0.22,1,0.22,0.21,0,0,0,0,0.26,0,0,0,0,0.015,0.014,563
0.46,0.5,0.24,1.52,3.96,0.07,0,0,0,0.59,0.2,0,0,0,0,0.012,0.007,508
0.47,0.82,0.35,1.2,0.04,0,0.11,0,0,0,0.14,0,0,0,0,0.035,0.015,573
0.47,0.82,0.35,1.2,0.04,0,0.11,0,0,0,0.14,0,0,0,0,0.035,0.015,573
0.47,1.04,0.35,1.2,0.05,0.05,0.12,0,0,0,0.16,0,0,0,0,0.032,0.012,563
0.47,1.04,0.35,1.2,0.05,0.05,0.12,0,0,0,0.16,0,0,0,0,0.032,0.012,563
0.48,1.98,0.28,0,0,0,0,0,0,0,0,0,0,0,0,0.02,0.011,563
0.5,0.8,0.32,1.04,0.11,0.24,0,0,0,0,0.17,0,0,0,0,0.017,0.022,563
0.5,0.8,0.32,1.04,0.11,0.24,0,0,0,0,0.17,0,0,0,0,0.017,0.022,563
0.52,0.7,0.29,1.09,1.72,0.43,0.14,0,0,0,0,0,0,0,0,0.01,0.01,528
0.52,0.7,0.29,1.09,1.72,0.43,0.14,0,0,0,0,0,0,0,0,0.01,0.01,548
0.55,0.98,0.22,1.02,0.01,0,0.11,0,0,0,0.07,0,0,0,0,0.017,0.013,543
0.55,0.98,0.22,1.02,0.01,0,0.11,0,0,0,0.07,0,0,0,0,0.017,0.013,543
0.55,0.34,0.94,1.27,0.12,0.05,0.18,0,0,2.1,0,0,0,0,0,0.015,0.012,548
0.55,0.34,0.94,1.27,0.12,0.05,0.18,0,0,2.1,0,0,0,0,0,0.015,0.012,583
0.58,0.81,0.89,1.27,0.06,0.02,0.11,0,0,0,0.14,0,0,0,0,0.013,0.006,528
0.58,0.81,0.89,1.27,0.06,0.02,0.11,0,0,0,0.14,0,0,0,0,0.013,0.006,543
0.73,0.73,1.62,0.1,0.12,0,0.01,0,0,0,0.19,0,0,0,0,0.019,0.012,488
0.76,0.29,0.22,0.11,0.07,0.02,0.02,0,0,0,0.17,0,0,0,0,0.008,0.008,483
0.76,0.29,0.22,0.11,0.07,0.02,0.02,0,0,0,0.17,0,0,0,0,0.008,0.008,518
0.98,1.84,0.08,0,0,0,0,0,0,0,0,0,0,0,0,0.023,0.011,393
1.03,0.22,0.17,0.07,0.1,0.01,0,0,0,0,0.04,0,0,0,0,0.014,0.012,433
1.03,0.22,0.17,0.07,0.1,0.01,0,0,0,0,0.04,0,0,0,0,0.014,0.012,448
1.04,0.33,0.26,1.53,0.31,0,0,0,0,0,0.2,0,0,0,0,0.023,0.006,408
1.04,0.33,0.26,1.53,0.31,0,0,0,0,0,0.2,0,0,0,0,0.023,0.006,518
1.06,0.97,0.28,1.05,0.13,0.03,0,0,0,1.15,0.25,0,0,0,0,0.016,0.018,518
1.42,0.61,0.37,1.37,0,0,0.18,0,0,0,0.04,0,0,0,0,0.024,0.015,493
1.42,2.16,1.62,2.57,5.35,1.29,0.7,0,0.077,8.88,0.98,0.23,0.18,0.006,0.05,0.044,0.054,769
0.04,0.08,0,0,0,0,0,0,0,0,0,0,0,0,0,0,0,393
0.15,0.57,0.28,0.63,0.91,0.61,0.3,0,0.032,0,0,0,0,0,0,0.013,0.019,691
0.2,0.58,0.31,0,2.9,0.25,0,0,0,0,0,0,0,0,0,0,0,668
0.21,0.56,0.27,0,2.95,0.51,0,0,0,0,0,0,0,0,0,0,0,669
0.3,0.69,0.38,0.78,1.79,0.24,0,0,0,0,0,0,0,0,0,0,0,615
0.3,0.69,0.4,0.99,0.2,0.43,0,0,0,0,0,0,0,0,0,0,0,633
0.31,0.69,0.38,0.79,0.2,0.57,0,0,0,0,0,0,0,0,0,0,0,650
0.32,0.86,1.44,1.01,0.51,0.49,0.071,0,0,0,0,0,0,0,0,0,0,601
0.33,0.86,1.62,0.81,1.8,0.4,0.067,0,0,0,0,0,0,0,0,0,0,593
0.34,0.8,0.38,0.34,0,0.78,0,0,0,0,0,0,0,0,0,0.025,0.02,631
0.35,0.82,0.36,1.51,0,0.84,0,0,0,0,0,0,0,0,0,0.024,0.02,608
0.35,0.8,0.36,0,2.58,0.78,0,0,0,0,0,0,0,0,0,0.022,0.023,581
0.35,0.8,0.38,0.35,0,0.51,0,0,0,0,0,0,0,0,0,0.025,0.02,630
0.35,0.83,0.39,0.35,0,0.24,0,0,0,0,0,0,0,0,0,0.025,0.02,635
0.35,0.86,1.55,1.21,0.21,0.58,0.037,0,0,0,0,0,0,0,0,0,0,588
0.35,0.86,1.58,1.5,0.23,0.58,0.071,0,0,0,0,0,0,0,0,0,0,584
0.36,0.75,0.29,0,0.72,0.82,0,0,0,0,0,0,0,0,0,0.022,0.025,629
0.36,0.8,0.3,0,0.75,0.02,0,0,0,0,0,0,0,0,0,0.022,0.025,596
0.36,0.78,0.31,0,0.73,0.49,0,0,0,0,0,0,0,0,0,0.022,0.025,636
0.36,0.82,0.35,0,1.41,0.74,0,0,0,0,0,0,0,0,0,0.022,0.022,607
0.36,0.83,0.36,0,2.6,0.49,0,0,0,0,0,0,0,0,0,0.022,0.023,588
0.36,0.86,0.37,0,2.62,0.02,0,0,0,0,0,0,0,0,0,0.022,0.023,597
0.36,0.85,0.37,1.52,0,0.5,0,0,0,0,0,0,0,0,0,0.024,0.02,608
0.36,0.86,0.37,1.54,0,0.01,0,0,0,0,0,0,0,0,0,0.024,0.02,609
0.36,0.86,0.38,1.54,0,0.26,0,0,0,0,0,0,0,0,0,0.024,0.02,605
0.36,0.84,0.38,0,2.6,0.24,0,0,0,0,0,0,0,0,0,0.022,0.023,593
0.36,0.83,0.38,0.34,0,0.01,0,0,0,0,0,0,0,0,0,0.025,0.02,619
0.36,1.47,0.41,0.76,0,0.5,0,0,0,0,0,0,0,0,0,0.023,0.024,596
0.36,1.46,0.42,0.75,0,0.78,0,0,0,0,0,0,0,0,0,0.023,0.024,600
0.37,0.82,0.36,0.73,0,0.76,0,0,0,0,0,0,0,0,0,0.025,0.022,614
0.37,0.84,0.36,0,1.4,0.47,0,0,0,0,0,0,0,0,0,0.022,0.022,601
0.37,0.85,0.36,0,1.44,0.02,0,0,0,0,0,0,0,0,0,0.022,0.022,601
0.37,0.84,0.37,0.74,0,0.5,0,0,0,0,0,0,0,0,0,0.025,0.022,621
0.37,0.85,0.37,0,1.44,0.24,0,0,0,0,0,0,0,0,0,0.022,0.022,611
0.37,0.85,0.37,0.74,0,0.02,0,0,0,0,0,0,0,0,0,0.025,0.022,619
0.37,0.85,0.39,0.73,0,0.26,0,0,0,0,0,0,0,0,0,0.025,0.022,615
0.37,1.49,0.41,0.77,0,0.25,0,0,0,0,0,0,0,0,0,0.023,0.024,588
0.37,0.8,1.47,0,0,0.79,0,0,0,0,0,0,0,0,0,0.024,0.019,605
0.38,0.68,0.29,0,3.48,0.48,0,0,0,0,0,0,0,0,0,0,0,524
0.38,0.82,0.32,0,0,0.26,0,0,0,0,0,0,0,0,0,0.025,0.021,590
0.38,0.85,0.33,0.74,1.46,0.01,0,0,0,0,0,0,0,0,0,0.022,0.022,607
0.38,0.82,0.34,0.75,1.46,0.74,0,0,0,0,0,0,0,0,0,0.022,0.022,585
0.38,0.84,0.34,0.73,1.46,0.48,0,0,0,0,0,0,0,0,0,0.022,0.022,591
0.38,0.85,0.35,0.73,1.45,0.24,0,0,0,0,0,0,0,0,0,0.022,0.022,591
0.38,1.45,0.36,0,0,0.76,0,0,0,0,0,0,0,0,0,0.024,0.019,601
0.38,1.5,0.4,0.77,0,0.02,0,0,0,0,0,0,0,0,0,0.023,0.054,588
0.38,0.8,1.47,0,0,0.52,0,0,0,0,0,0,0,0,0,0.024,0.019,607
0.38,0.82,1.48,0.72,0,0.77,0,0,0,0,0,0,0,0,0,0.024,0.019,607
0.39,0.82,0.26,1,0,0.21,0,0,0,0,0,0,0,0,0,0,0,608
0.39,0.69,0.29,0,3.56,0.24,0,0,0,0,0,0,0,0,0,0,0,515
0.39,0.73,0.35,0.75,2.51,0.49,0,0,0,0,0,0,0,0,0,0,0,534
0.39,1.45,0.37,0,0,0.49,0,0,0,0,0,0,0,0,0,0.024,0.019,596
0.39,0.71,0.39,0,3.53,0.02,0,0,0,0,0,0,0,0,0,0,0,523
0.39,1.39,1.48,0.73,0,0.77,0,0,0,0,0,0,0,0,0,0.024,0.02,564
0.39,0.8,1.48,0,0,0.26,0,0,0,0,0,0,0,0,0,0.024,0.019,609
0.39,0.84,1.49,0.73,0,0.52,0,0,0,0,0,0,0,0,0,0.024,0.019,596
0.39,1.41,1.49,0.74,0,0.51,0,0,0,0,0,0,0,0,0,0.024,0.02,562
0.4,0.74,0.31,0.77,3.56,0.5,0,0,0,0,0,0,0,0,0,0,0,510
0.4,1.32,0.33,0,0,0.004,0,0,0,0,0,0,0,0.004,0,0,0,599
0.4,0.8,0.33,0,0,0.79,0,0,0,0,0,0,0,0,0,0,0,603
0.4,0.8,0.33,0,0,0.79,0,0,0,0,0,0,0,0,0,0.025,0.021,603
0.4,1.33,0.35,0,0,0.08,0,0,0,0,0,0,0,0.003,0,0,0,599
0.4,0.82,0.35,0,0,0.53,0,0,0,0,0,0,0,0,0,0,0,599
0.4,0.75,0.35,0,4.43,0.25,0,0,0,0,0,0,0,0,0,0,0,504
0.4,0.82,0.35,0,0,0.53,0,0,0,0,0,0,0,0,0,0.025,0.021,601
0.4,1.33,0.36,0,0,0.18,0,0,0,0,0,0,0,0.003,0,0,0,589
0.4,0.87,0.36,0.34,0,0.25,0,0,0,0,0,0,0,0,0,0.023,0.018,603
0.4,1.47,0.37,0,0,0.26,0,0,0,0,0,0,0,0,0,0.024,0.019,596
0.4,0.73,0.38,0.75,2.58,0.24,0,0,0,0,0,0,0,0,0,0,0,549
0.4,0.74,0.38,0.75,2.57,0.003,0,0,0,0,0,0,0,0,0,0,0,551
0.4,0.72,0.4,0.75,0.78,0.5,0,0,0,0,0,0,0,0,0,0,0,567
0.4,0.73,0.4,0.75,0.78,0.27,0,0,0,0,0,0,0,0,0,0,0,573
0.4,0.74,0.4,0.75,0.78,0.03,0,0,0,0,0,0,0,0,0,0,0,573
0.4,0.73,0.41,0.75,4.53,0.5,0,0,0,0,0,0,0,0,0,0,0,495
0.4,1.39,1.37,0.76,1.34,0.52,0,0,0,0,0,0,0,0,0,0.026,0.021,519
0.4,1.37,1.38,0.75,1.31,0.73,0,0,0,0,0,0,0,0,0,0.026,0.021,520
0.4,0.81,1.48,0,0,0.02,0,0,0,0,0,0,0,0,0,0.024,0.019,601
0.4,1.38,1.5,0,0,0.8,0,0,0,0,0,0,0,0,0,0.024,0.018,591
0.4,0.84,1.5,0.74,0,0.26,0,0,0,0,0,0,0,0,0,0.024,0.019,595
0.4,0.84,1.5,0.74,0,0.02,0,0,0,0,0,0,0,0,0,0.024,0.019,598
0.4,1.4,1.51,0,0,0.53,0,0,0,0,0,0,0,0,0,0.024,0.018,589
0.4,1.42,1.51,0.76,0,0.26,0,0,0,0,0,0,0,0,0,0.024,0.02,564
0.41,0.76,0.32,0.77,3.59,0.25,0,0,0,0,0,0,0,0,0,0,0,514
0.41,0.76,0.32,0.77,3.59,0.03,0,0,0,0,0,0,0,0,0,0,0,512
0.41,0.84,0.34,0.35,0,0.77,0,0,0,0,0,0,0,0,0,0.023,0.018,607
0.41,0.76,0.35,0,4.45,0.01,0,0,0,0,0,0,0,0,0,0,0,502
0.41,0.84,0.35,0.35,0,0.49,0,0,0,0,0,0,0,0,0,0.023,0.018,609
0.41,0.86,0.36,0.33,0,0.01,0,0,0,0,0,0,0,0,0,0.023,0.018,621
0.41,0.74,0.4,0.75,4.56,0.03,0,0,0,0,0,0,0,0,0,0,0,510
0.41,0.73,0.42,0.75,4.54,0.26,0,0,0,0,0,0,0,0,0,0,0,506
0.41,1.41,1.41,0.78,1.36,0.26,0,0,0,0,0,0,0,0,0,0.026,0.021,515
0.41,1.42,1.42,0.78,1.37,0.03,0,0,0,0,0,0,0,0,0,0.026,0.021,522
0.41,1.41,1.51,0,0,0.27,0,0,0,0,0,0,0,0,0,0.024,0.018,597
0.41,1.44,1.51,0.75,0,0.01,0,0,0,0,0,0,0,0,0,0.024,0.02,557
0.41,1.42,1.52,0,0,0.02,0,0,0,0,0,0,0,0,0,0.024,0.018,588
0.43,1.67,0.28,0.32,0.11,0.03,0.1,0,0,0,0.06,0,0,0,0,0.021,0.008,583
0.53,0.83,0.34,0.92,0,0.21,0,0,0,0,0,0,0,0,0,0,0,527
0.16,0,0,2.1,10.15,1.05,0,14.25,0,0,0,0,0,0,0,0,0,573
0.23,0,0,0.06,10.24,3.96,0,14.17,0,0,0,0,0,0,0,0,0,546
0.24,0,0,3,11,1,0,13.5,0,0,0,0,0,0,0,0,0,468
0.24,0,0,0.02,4.96,4.03,0,15.99,0,0,0,0,0,0,0,0,0,647
0.24,0,0,0.71,4.97,2.82,0,16.08,0,0,0,0,0,0,0,0,0,669
0.24,0,0,1.4,4.98,1.52,0,16.06,0,0,0,0,0,0,0,0,0,671
0.24,0,0,0.02,4.97,4.03,0,16.02,0,0,0,0.029,0,0,0,0,0,651
0.25,0,0,5,8,0.5,0.06,30,0,0,0,0,0,0,0,0,0,466
0.25,0,0,0.02,4.97,4.03,0.006,16.1,0,0,0,0.013,0,0,0,0,0,641
0.45,0.4,0.32,13,0.38,0,0,0,0,0,0,0,0,0,0,0,0,469
0.316,0.4,0.26,13.4,0.1,0,0,0,0,0,0,0,0,0,0,0,0,533
0.19,0.54,0.31,13.2,0.1,0,0,0,0,0,0,0,0,0,0,0,0,581
0.6,0.49,0.35,14.52,0.17,0.57,0.18,0,0,0,0,0,0,0,0,0,0,463
0.46,0.44,0.46,14.3,0.16,0.52,0.13,0,0,0,0,0,0,0,0,0,0,443
0.31,1.22,0.253,0.138,0.098,0.03,0.004,0,0,0,0,0,0,0,0,0,0,618
0.07,1.5,0.37,0.039,0.49,0.021,0.004,0,0.045,0,0.039,0.027,0.011,0,0,0,0,717
0.2,1.1,0.34,0.011,0.02,0.008,0.009,0,0.036,0,0.018,0.003,0.002,0,0,0,0,651
0.37,1.45,0.56,0.04,0,0.025,0.11,0,0.024,0,0.14,0,0.015,0,0,0,0,572
0.37,1.46,0.55,0.04,0,0.11,0.11,0,0.023,0,0.14,0,0.017,0,0.014,0,0,580
0.38,1.44,0.62,0.04,0,0.16,0.1,0,0.026,0,0.14,0,0.016,0,0.0122,0,0,597
0.38,1.44,0.59,0.16,0.1,0,0.09,0,0.024,0,0,0,0.015,0,0,0,0,566
0.355,1.56,0.33,0.24,0.05,0.02,0.004,0,0.029,0,0.095,0,0.026,0,0.0093,0,0,605
0.33,1.49,0.25,0.08,0.11,0.04,0.24,0,0.002,0,0.27,0,0.002,0,0,0,0,594
0.38,1.3,0.48,0.15,0.14,0.04,0.12,0,0,0,0.21,0,0,0,0,0,0,572
0.34,1.48,0.73,0.23,0.15,0.17,0.1,0,0.022,0,0.19,0,0.003,0,0.0122,0,0,581
0.3,1.51,0.32,0.25,0.14,0.12,0.11,0,0.02,0,0.2,0,0.02,0.000059,0.0104,0,0,596
0.4,1.69,0.8,0.32,0.19,0.12,0.12,0,0.026,0,0.23,0,0.027,0.00005,0.0122,0,0,551
0.38,1.55,0.78,0.29,0.17,0.1,0.11,0,0.022,0,0.2,0,0.14,0.000048,0.008,0,0,582
0.89,0.29,0.15,0,0,0,0,0,0,0,0,0,0,0,0,0,0,489
0.63,0.87,0.22,0,0,0,0,0,0,0,0,0,0,0,0,0,0,547
0.35,1.85,0.19,0,0,0,0,0,0,0,0,0,0,0,0,0,0,611
0.37,0.68,0.21,0,3.41,0,0,0,0,0,0,0,0,0,0,0,0,577
0.38,0.72,0.21,0.49,1.32,0,0,0,0,0,0,0,0,0,0,0,0,605
0.29,0.77,0.3,0.68,0,0.2,0,0,0,0,0,0,0,0,0,0,0,650
0.37,0.77,0.15,0.98,0,0.21,0,0,0,0,0,0,0,0,0,0,0,611
0.42,0.78,0.24,0.8,1.79,0.33,0,0,0,0,0,0,0,0,0,0,0,561
0.36,0.63,0.19,0,1.84,0.23,0,0,0,0,0,0,0,0,0,0,0,611
0.42,0.68,0.16,0.93,0,0,0,0,0,0,0,0,0,0,0,0,0,605
1.02,0.36,0.33,1.41,0.2,0,0,0,0,0,0,0,0,0,0,0,0,416
0.43,0.74,0.23,0.92,0,0,0.16,0,0,0,0,0,0,0,0,0,0,600
0.3,0.91,0.31,0.52,0.61,0.17,0,0,0,0,0,0,0,0,0,0,0,639
0.38,1.08,0.7,0.4,0.34,0.11,0,0,0,0,0,0,0,0,0,0,0,600
0.29,0.85,0.22,0.97,0.73,0.65,0.26,0.021,0,0.011,0,0.017,0,0,0.012,0,0,601
0.25,0.28,0.34,1.6,3.51,0.46,0.13,0.069,0,0.017,0,0.02,0,0,0.009,0,0,559
0.14,0.52,0.2,0.3,0.084,0.56,0,0.23,0,0.021,0,0.007,0,0,0.01,0,0,740
0.093,0.49,0.41,9.08,0.23,0.92,0.25,0.012,0,0,0,0,0,0,0,0,0,626
0.13,0.55,0.19,10.2,0.62,1.51,0.21,0.01,0,0,0,0,0,0,0.06,0,0,591
0.11,0.44,0.26,2.01,0.043,0.94,0.008,0.008,0,0.009,0,0.022,0,0,0,0,0,665
0.099,1.01,0.17,9.3,0.08,1,0.2,0,0,0,0,0.046,0,0,0.0539,0,0,625
0.093,1.03,0.16,9.08,0.98,0.98,0.19,0,0,0,0,0.043,0,0,0.0515,0,0,582
0.101,1.02,0.17,9.12,1.92,1,0.19,0,0,0,0,0.047,0,0,0.0494,0,0,580
0.095,1.02,0.16,9.17,3.01,0.96,0.19,0,0,0,0,0.045,0,0,0.0489,0,0,523
0.096,1.01,0.16,9.16,0,0.99,0.19,0.95,0,0,0,0.045,0,0,0.0552,0,0,566
0.094,1,0.18,9.31,0,0.98,0.19,1.89,0,0,0,0.043,0,0,0.0517,0,0,607
0.091,1,0.16,9.3,0,0.98,0.19,2.8,0,0,0,0.041,0,0,0.052,0,0,587
0.095,1.04,0.18,9.35,0,1,0.19,0,0,1.03,0,0.051,0,0,0.0544,0,0,614
0.096,0.99,0.2,9.25,0,0.91,0.19,0,0,1.92,0,0.053,0,0,0.0526,0,0,614
0.094,1.03,0.2,9.26,0,0.84,0.19,0,0,2.99,0,0.058,0,0,0.0537,0,0,566
0.097,1,0.18,9.1,0.93,0.96,0.19,0,0,0.98,0,0.046,0,0,0.0529,0,0,589
0.091,0.99,0.18,8.94,0,0.97,0.18,0.92,0,0.98,0,0.044,0,0,0.0509,0,0,603
0.09,0.97,0.17,9.2,0,0.96,0.18,1.87,0,0.97,0,0.045,0,0,0.0523,0,0,598
0.4,0.74,0.27,1.18,0.17,0,0.05,0,0.06,0,0.21,0,0,0,0,0,0,598
0.19,1.32,0.21,1.05,0,0,0,0,0.005,0,0,0,0,0,0,0,0,668
0.77,1.16,0.33,1.17,0.09,0,0.05,0,0.06,0,0.18,0,0,0.0056,0,0,0,416
0.19,1.2,0.34,1.24,0,0,0,0,0.008,0,0,0,0,0,0,0,0,643
0.22,1.18,0.27,1.23,0,0,0,0,0.005,0,0,0,0,0,0,0,0,635
0.24,0.71,0.27,0.49,0,0.45,0,0,0.008,0,0,0,0,0,0,0,0,674
0.26,0.68,0.25,0.44,0,0.49,0,0,0.007,0,0,0,0,0,0,0,0,665
0.26,0.84,0.28,0.47,0,0.45,0,0,0.006,0,0,0,0,0,0,0,0,644
0.22,1,0.28,1.33,0,0.25,0,0,0,0,0,0,0,0,0,0,0,617
0.18,1.09,0.26,1.27,0,0.21,0,0,0.01,0,0,0,0,0,0,0,0,667
0.2,1.04,0.26,1.22,0,0.25,0,0,0.003,0,0,0,0,0,0,0,0,660
0.18,0.51,0.28,1.65,1.44,0.27,0,0,0,0,0,0,0,0,0,0,0,650
0.14,0.57,0.2,1.47,1.46,0.26,0,0,0,0,0,0,0,0,0,0,0,670
